-- MySQL dump 10.13  Distrib 8.0.18, for Linux (x86_64)
--
-- Host: localhost    Database: VK
-- ------------------------------------------------------
-- Server version	8.0.18

/*!40101 SET @OLD_CHARACTER_SET_CLIENT=@@CHARACTER_SET_CLIENT */;
/*!40101 SET @OLD_CHARACTER_SET_RESULTS=@@CHARACTER_SET_RESULTS */;
/*!40101 SET @OLD_COLLATION_CONNECTION=@@COLLATION_CONNECTION */;
/*!50503 SET NAMES utf8mb4 */;
/*!40103 SET @OLD_TIME_ZONE=@@TIME_ZONE */;
/*!40103 SET TIME_ZONE='+00:00' */;
/*!40014 SET @OLD_UNIQUE_CHECKS=@@UNIQUE_CHECKS, UNIQUE_CHECKS=0 */;
/*!40014 SET @OLD_FOREIGN_KEY_CHECKS=@@FOREIGN_KEY_CHECKS, FOREIGN_KEY_CHECKS=0 */;
/*!40101 SET @OLD_SQL_MODE=@@SQL_MODE, SQL_MODE='NO_AUTO_VALUE_ON_ZERO' */;
/*!40111 SET @OLD_SQL_NOTES=@@SQL_NOTES, SQL_NOTES=0 */;

--
-- Table structure for table `communities`
--

DROP TABLE IF EXISTS `communities`;
/*!40101 SET @saved_cs_client     = @@character_set_client */;
/*!50503 SET character_set_client = utf8mb4 */;
CREATE TABLE `communities` (
  `id` int(10) unsigned NOT NULL AUTO_INCREMENT,
  `name` varchar(150) CHARACTER SET utf8 COLLATE utf8_unicode_ci NOT NULL,
  `created_at` timestamp NULL DEFAULT CURRENT_TIMESTAMP,
  `is_closed` tinyint(1) DEFAULT NULL,
  `closed_at` timestamp NULL DEFAULT NULL,
  PRIMARY KEY (`id`),
  UNIQUE KEY `name` (`name`)
) ENGINE=InnoDB AUTO_INCREMENT=101 DEFAULT CHARSET=utf8 COLLATE=utf8_unicode_ci;
/*!40101 SET character_set_client = @saved_cs_client */;

--
-- Dumping data for table `communities`
--

LOCK TABLES `communities` WRITE;
/*!40000 ALTER TABLE `communities` DISABLE KEYS */;
INSERT INTO `communities` VALUES (1,'nobis','2019-12-05 22:04:22',NULL,NULL),(2,'tempora','2019-12-05 22:04:22',NULL,NULL),(3,'nihil','2019-12-05 22:04:22',1,'2019-12-05 22:07:04'),(4,'et','2019-12-05 22:04:22',NULL,NULL),(5,'voluptates','2019-12-05 22:04:22',NULL,NULL),(6,'dolorem','2019-12-05 22:04:22',NULL,NULL),(7,'eligendi','2019-12-05 22:04:22',NULL,NULL),(8,'harum','2019-12-05 22:04:22',NULL,NULL),(9,'dolore','2019-12-05 22:04:22',NULL,NULL),(10,'aut','2019-12-05 22:04:22',NULL,NULL),(11,'nesciunt','2019-12-05 22:04:22',NULL,NULL),(12,'possimus','2019-12-05 22:04:22',NULL,NULL),(13,'placeat','2019-12-05 22:04:22',NULL,NULL),(14,'quidem','2019-12-05 22:04:22',1,'2019-12-05 22:07:04'),(15,'dicta','2019-12-05 22:04:22',NULL,NULL),(16,'qui','2019-12-05 22:04:22',NULL,NULL),(17,'vel','2019-12-05 22:04:22',NULL,NULL),(18,'soluta','2019-12-05 22:04:22',NULL,NULL),(19,'praesentium','2019-12-05 22:04:22',NULL,NULL),(20,'perspiciatis','2019-12-05 22:04:22',NULL,NULL),(21,'debitis','2019-12-05 22:04:22',NULL,NULL),(22,'officia','2019-12-05 22:04:22',NULL,NULL),(23,'dignissimos','2019-12-05 22:04:22',NULL,NULL),(24,'tenetur','2019-12-05 22:04:22',NULL,NULL),(25,'eaque','2019-12-05 22:04:22',NULL,NULL),(26,'ipsa','2019-12-05 22:04:22',NULL,NULL),(27,'hic','2019-12-05 22:04:22',1,'2019-12-05 22:07:04'),(28,'necessitatibus','2019-12-05 22:04:22',NULL,NULL),(29,'consequatur','2019-12-05 22:04:22',NULL,NULL),(30,'illum','2019-12-05 22:04:22',NULL,NULL),(31,'saepe','2019-12-05 22:04:22',NULL,NULL),(32,'fugiat','2019-12-05 22:04:22',NULL,NULL),(33,'odit','2019-12-05 22:04:22',NULL,NULL),(34,'non','2019-12-05 22:04:22',NULL,NULL),(35,'autem','2019-12-05 22:04:22',NULL,NULL),(36,'omnis','2019-12-05 22:04:22',NULL,NULL),(37,'aspernatur','2019-12-05 22:04:22',NULL,NULL),(38,'in','2019-12-05 22:04:22',NULL,NULL),(39,'fugit','2019-12-05 22:04:22',NULL,NULL),(40,'molestias','2019-12-05 22:04:22',NULL,NULL),(41,'distinctio','2019-12-05 22:04:22',NULL,NULL),(42,'sapiente','2019-12-05 22:04:22',NULL,NULL),(43,'tempore','2019-12-05 22:04:22',NULL,NULL),(44,'porro','2019-12-05 22:04:22',NULL,NULL),(45,'at','2019-12-05 22:04:22',NULL,NULL),(46,'voluptatem','2019-12-05 22:04:22',NULL,NULL),(47,'architecto','2019-12-05 22:04:22',NULL,NULL),(48,'similique','2019-12-05 22:04:22',NULL,NULL),(49,'inventore','2019-12-05 22:04:22',NULL,NULL),(50,'animi','2019-12-05 22:04:22',NULL,NULL),(51,'exercitationem','2019-12-05 22:04:22',NULL,NULL),(52,'velit','2019-12-05 22:04:22',NULL,NULL),(53,'repellendus','2019-12-05 22:04:22',NULL,NULL),(54,'facere','2019-12-05 22:04:22',NULL,NULL),(55,'sed','2019-12-05 22:04:22',NULL,NULL),(56,'ullam','2019-12-05 22:04:22',1,'2019-12-05 22:07:04'),(57,'veritatis','2019-12-05 22:04:22',NULL,NULL),(58,'iure','2019-12-05 22:04:22',NULL,NULL),(59,'quos','2019-12-05 22:04:22',NULL,NULL),(60,'ut','2019-12-05 22:04:22',NULL,NULL),(61,'ratione','2019-12-05 22:04:22',NULL,NULL),(62,'pariatur','2019-12-05 22:04:22',NULL,NULL),(63,'rerum','2019-12-05 22:04:22',NULL,NULL),(64,'voluptas','2019-12-05 22:04:22',NULL,NULL),(65,'dolor','2019-12-05 22:04:22',NULL,NULL),(66,'asperiores','2019-12-05 22:04:22',NULL,NULL),(67,'optio','2019-12-05 22:04:22',NULL,NULL),(68,'adipisci','2019-12-05 22:04:22',NULL,NULL),(69,'deleniti','2019-12-05 22:04:22',NULL,NULL),(70,'assumenda','2019-12-05 22:04:22',NULL,NULL),(71,'quia','2019-12-05 22:04:22',NULL,NULL),(72,'mollitia','2019-12-05 22:04:22',NULL,NULL),(73,'dolorum','2019-12-05 22:04:22',NULL,NULL),(74,'labore','2019-12-05 22:04:22',NULL,NULL),(75,'aperiam','2019-12-05 22:04:22',NULL,NULL),(76,'doloribus','2019-12-05 22:04:22',NULL,NULL),(77,'corrupti','2019-12-05 22:04:22',NULL,NULL),(78,'sequi','2019-12-05 22:04:22',NULL,NULL),(79,'rem','2019-12-05 22:04:22',NULL,NULL),(80,'quaerat','2019-12-05 22:04:22',NULL,NULL),(81,'iusto','2019-12-05 22:04:22',NULL,NULL),(82,'quas','2019-12-05 22:04:22',NULL,NULL),(83,'quis','2019-12-05 22:04:22',NULL,NULL),(84,'a','2019-12-05 22:04:22',NULL,NULL),(85,'veniam','2019-12-05 22:04:22',NULL,NULL),(86,'eos','2019-12-05 22:04:22',NULL,NULL),(87,'eveniet','2019-12-05 22:04:22',NULL,NULL),(88,'esse','2019-12-05 22:04:22',NULL,NULL),(89,'reprehenderit','2019-12-05 22:04:22',NULL,NULL),(90,'excepturi','2019-12-05 22:04:22',NULL,NULL),(91,'quae','2019-12-05 22:04:22',NULL,NULL),(92,'accusamus','2019-12-05 22:04:22',NULL,NULL),(93,'enim','2019-12-05 22:04:22',NULL,NULL),(94,'temporibus','2019-12-05 22:04:22',NULL,NULL),(95,'nisi','2019-12-05 22:04:22',NULL,NULL),(96,'nostrum','2019-12-05 22:04:22',NULL,NULL),(97,'ex','2019-12-05 22:04:22',NULL,NULL),(98,'voluptatum','2019-12-05 22:04:22',NULL,NULL),(99,'delectus','2019-12-05 22:04:22',NULL,NULL),(100,'natus','2019-12-05 22:04:22',NULL,NULL);
/*!40000 ALTER TABLE `communities` ENABLE KEYS */;
UNLOCK TABLES;

--
-- Table structure for table `communities_users`
--

DROP TABLE IF EXISTS `communities_users`;
/*!40101 SET @saved_cs_client     = @@character_set_client */;
/*!50503 SET character_set_client = utf8mb4 */;
CREATE TABLE `communities_users` (
  `community_id` int(10) unsigned NOT NULL,
  `user_id` int(10) unsigned NOT NULL,
  `is_admin` tinyint(1) DEFAULT NULL,
  `is_banned` tinyint(1) DEFAULT NULL,
  PRIMARY KEY (`community_id`,`user_id`)
) ENGINE=InnoDB DEFAULT CHARSET=utf8 COLLATE=utf8_unicode_ci;
/*!40101 SET character_set_client = @saved_cs_client */;

--
-- Dumping data for table `communities_users`
--

LOCK TABLES `communities_users` WRITE;
/*!40000 ALTER TABLE `communities_users` DISABLE KEYS */;
INSERT INTO `communities_users` VALUES (1,16,NULL,NULL),(2,35,NULL,NULL),(4,65,NULL,1),(5,33,NULL,NULL),(6,63,NULL,NULL),(10,41,NULL,NULL),(12,63,NULL,NULL),(13,77,NULL,NULL),(15,92,NULL,NULL),(16,13,NULL,NULL),(17,7,NULL,NULL),(17,44,NULL,NULL),(17,45,NULL,NULL),(17,96,NULL,NULL),(18,7,NULL,NULL),(18,40,NULL,NULL),(19,38,NULL,NULL),(19,39,NULL,NULL),(20,31,NULL,NULL),(21,45,NULL,NULL),(22,25,NULL,NULL),(23,85,NULL,NULL),(24,18,NULL,NULL),(24,45,NULL,NULL),(25,26,NULL,NULL),(27,97,NULL,NULL),(29,55,NULL,NULL),(30,22,NULL,NULL),(31,38,NULL,NULL),(34,12,1,NULL),(35,57,NULL,NULL),(36,31,NULL,NULL),(37,86,NULL,NULL),(38,11,NULL,NULL),(39,78,NULL,NULL),(41,93,NULL,NULL),(42,74,1,NULL),(44,99,NULL,NULL),(45,92,NULL,NULL),(46,13,NULL,NULL),(46,38,NULL,NULL),(47,1,1,NULL),(47,79,NULL,NULL),(48,18,NULL,NULL),(49,30,NULL,NULL),(49,47,NULL,NULL),(49,81,NULL,NULL),(50,38,NULL,NULL),(51,20,NULL,NULL),(51,50,NULL,NULL),(52,87,NULL,1),(53,26,NULL,NULL),(55,97,NULL,NULL),(56,24,NULL,NULL),(56,55,NULL,NULL),(57,9,NULL,NULL),(58,18,NULL,NULL),(58,51,NULL,NULL),(58,100,NULL,NULL),(59,51,NULL,NULL),(61,8,NULL,1),(63,77,NULL,NULL),(64,30,NULL,NULL),(65,23,NULL,NULL),(67,2,NULL,NULL),(67,56,1,NULL),(70,41,NULL,NULL),(72,27,NULL,NULL),(73,28,NULL,NULL),(73,36,NULL,NULL),(73,84,NULL,NULL),(74,9,NULL,NULL),(76,21,NULL,NULL),(76,53,NULL,NULL),(76,59,NULL,NULL),(77,36,NULL,NULL),(77,62,NULL,NULL),(78,30,NULL,NULL),(79,7,NULL,NULL),(79,42,NULL,NULL),(79,77,NULL,NULL),(80,33,NULL,NULL),(81,16,NULL,NULL),(82,7,NULL,NULL),(82,39,NULL,NULL),(84,14,NULL,NULL),(84,63,NULL,NULL),(85,87,NULL,1),(86,7,NULL,NULL),(87,69,NULL,NULL),(87,72,NULL,NULL),(88,16,NULL,NULL),(95,43,NULL,NULL),(95,60,NULL,NULL),(96,55,NULL,NULL),(97,35,NULL,NULL),(97,66,NULL,NULL),(97,68,NULL,NULL),(97,90,NULL,NULL),(99,6,NULL,NULL);
/*!40000 ALTER TABLE `communities_users` ENABLE KEYS */;
UNLOCK TABLES;

--
-- Table structure for table `friendship`
--

DROP TABLE IF EXISTS `friendship`;
/*!40101 SET @saved_cs_client     = @@character_set_client */;
/*!50503 SET character_set_client = utf8mb4 */;
CREATE TABLE `friendship` (
  `user_id` int(10) unsigned NOT NULL,
  `friend_id` int(10) unsigned NOT NULL,
  `status_id` int(10) unsigned NOT NULL,
  `requested_at` datetime DEFAULT CURRENT_TIMESTAMP,
  `confirmed_at` datetime DEFAULT NULL,
  PRIMARY KEY (`user_id`,`friend_id`)
) ENGINE=InnoDB DEFAULT CHARSET=utf8 COLLATE=utf8_unicode_ci;
/*!40101 SET character_set_client = @saved_cs_client */;

--
-- Dumping data for table `friendship`
--

LOCK TABLES `friendship` WRITE;
/*!40000 ALTER TABLE `friendship` DISABLE KEYS */;
INSERT INTO `friendship` VALUES (3,73,42,'1975-06-24 02:18:14','2012-01-13 08:33:06'),(4,59,67,'2015-02-25 08:10:02','1999-12-08 00:50:40'),(5,81,29,'2006-05-17 02:11:06','1977-12-11 14:19:42'),(6,52,96,'1989-06-05 01:46:39','1995-12-02 23:07:56'),(8,96,74,'2000-02-14 05:23:53','2005-08-07 06:03:52'),(9,20,20,'2010-01-07 18:12:50','2015-08-02 20:09:01'),(10,13,65,'1992-08-16 20:36:29','1974-12-15 12:18:29'),(10,54,90,'2005-09-26 12:27:17','1972-08-12 11:13:26'),(10,55,69,'2010-04-26 08:28:55','1999-03-26 16:57:42'),(12,48,28,'2003-04-12 07:25:53','1974-12-28 06:26:37'),(13,18,50,'1979-11-08 23:10:50','1979-08-20 05:36:29'),(15,20,86,'2001-11-30 08:50:50','1988-12-26 08:07:14'),(15,23,15,'1985-05-31 18:41:15','1986-11-29 23:46:43'),(15,100,18,'1984-01-28 08:05:28','2018-07-15 08:56:20'),(19,11,54,'2002-10-29 22:21:30','1980-08-12 13:24:42'),(22,47,9,'2002-03-21 04:36:45','1973-11-25 09:00:43'),(22,54,78,'1970-02-15 05:47:21','1978-05-14 09:51:37'),(23,1,32,'1979-04-03 23:37:12','2015-02-19 04:40:59'),(24,18,85,'1975-05-18 05:32:03','1976-09-09 04:00:48'),(29,88,94,'2015-04-19 20:38:04','1996-04-23 02:30:40'),(31,76,44,'2011-12-13 17:18:23','1976-07-17 23:48:18'),(31,81,49,'2016-09-03 22:40:18','1975-10-03 19:31:39'),(32,20,66,'1984-07-26 17:27:21','2003-03-13 03:50:48'),(36,21,11,'1982-10-15 15:07:01','1985-06-12 18:46:35'),(36,95,24,'1999-08-14 07:40:33','1972-03-22 22:57:58'),(37,35,37,'2004-08-27 16:27:04','2002-03-14 13:45:42'),(37,80,33,'1997-05-10 16:43:45','1984-12-03 17:31:30'),(38,31,91,'2000-03-21 07:50:20','2007-01-03 06:21:54'),(38,50,36,'1992-04-15 09:29:42','1986-02-16 01:24:44'),(39,4,92,'1999-06-06 08:59:44','2018-10-16 22:40:05'),(39,39,100,'1974-05-24 13:42:57','2007-10-20 23:35:14'),(41,79,82,'2016-03-29 09:34:22','1970-02-25 22:47:47'),(42,55,97,'2007-03-28 17:10:58','2001-11-05 21:34:10'),(43,15,46,'2018-01-04 06:38:56','1998-05-30 19:20:44'),(45,62,70,'2001-01-24 07:30:08','2006-12-25 11:28:26'),(46,25,57,'2004-05-31 16:47:22','1991-03-14 00:23:45'),(47,71,27,'1983-04-04 09:35:47','1983-10-17 11:18:12'),(47,88,47,'1999-02-15 02:25:51','1971-03-12 01:55:09'),(48,20,72,'2000-02-20 19:52:55','1997-06-18 17:05:46'),(49,1,5,'2004-01-23 02:42:08','2007-01-07 09:56:10'),(49,80,98,'1998-12-25 03:04:59','1985-07-14 02:38:17'),(51,2,51,'2012-10-13 12:39:16','1994-11-04 03:11:19'),(51,30,1,'1974-11-22 06:31:12','1988-09-17 11:29:44'),(51,92,95,'2015-01-25 04:34:24','2004-07-03 22:09:13'),(52,9,60,'2018-06-27 01:26:56','2006-12-23 03:45:29'),(52,19,99,'1984-12-26 06:22:28','1978-08-23 17:08:34'),(54,11,87,'2000-06-24 05:26:54','1977-12-14 15:14:14'),(54,69,63,'2016-01-29 10:33:23','2000-01-13 04:24:50'),(55,15,73,'1995-05-25 23:30:43','2004-08-18 06:46:53'),(55,75,19,'2019-05-05 18:02:04','2005-10-24 07:57:53'),(55,84,59,'1975-05-19 23:35:01','1982-02-25 23:59:21'),(56,60,43,'1993-07-04 04:49:07','1986-03-17 14:08:15'),(56,73,52,'1987-12-24 19:59:52','1982-02-17 20:19:16'),(57,43,81,'1981-09-24 07:35:52','2003-04-19 11:38:36'),(57,94,75,'1993-09-30 01:49:01','1985-01-19 19:35:01'),(58,62,23,'1986-01-02 15:36:38','2001-02-19 01:15:51'),(60,93,6,'2003-02-24 18:43:09','2004-01-10 03:26:19'),(64,11,38,'1998-02-09 03:53:19','2005-07-12 11:10:41'),(64,36,25,'1996-11-02 19:26:46','1994-07-16 05:45:11'),(64,68,56,'2013-12-30 16:16:36','2007-03-12 21:35:10'),(65,4,31,'1987-02-17 09:44:14','1979-10-04 19:26:39'),(65,87,10,'2007-08-02 16:37:12','2010-08-05 23:00:16'),(66,94,39,'1986-12-17 04:35:20','1973-06-01 17:12:47'),(69,75,16,'2005-07-10 16:22:09','2019-03-22 19:21:09'),(70,25,17,'1985-05-17 21:16:32','2018-09-28 00:28:26'),(70,33,62,'1974-05-29 13:51:39','2002-08-06 12:07:33'),(71,65,89,'1975-03-02 09:53:12','2011-07-19 08:59:18'),(72,22,83,'2015-03-16 14:42:56','2008-05-11 01:26:37'),(72,73,71,'2000-01-30 07:07:53','1988-09-26 23:21:33'),(72,79,40,'1981-06-15 12:49:38','2007-12-21 05:57:05'),(72,98,21,'2009-02-03 01:50:36','1980-07-14 00:18:30'),(74,15,4,'2012-07-17 01:17:50','1983-12-13 15:05:05'),(74,76,22,'2016-09-19 09:17:09','1992-09-19 10:38:43'),(77,47,41,'2003-05-05 02:15:49','2004-10-05 17:03:09'),(80,53,77,'1973-01-03 10:56:19','1990-07-16 21:17:17'),(81,31,68,'2016-09-02 03:43:17','2012-05-14 04:00:57'),(84,13,64,'1989-11-18 04:07:24','2006-11-04 10:16:34'),(86,6,61,'2004-12-07 07:48:16','2001-05-29 20:40:45'),(86,21,26,'1986-05-07 12:03:23','1977-10-20 16:41:49'),(86,51,7,'1984-05-02 22:54:48','1971-12-24 17:08:38'),(86,100,45,'1986-12-15 14:11:49','1990-05-16 08:15:19'),(88,64,58,'2005-04-23 16:56:53','1994-10-16 02:36:28'),(90,7,30,'2014-05-19 21:10:10','1980-12-23 14:09:18'),(91,14,34,'1991-11-29 09:25:29','2011-03-08 16:26:42'),(93,30,88,'2019-05-16 15:57:19','2009-01-19 02:24:58'),(93,47,80,'1987-05-13 23:40:37','2013-11-22 13:49:27'),(93,75,2,'1981-04-21 04:55:26','2005-12-10 18:07:40'),(94,1,84,'1998-03-01 13:14:42','1984-05-04 15:31:26'),(95,21,8,'1976-10-06 22:54:11','1991-07-18 16:57:56'),(95,52,3,'1985-11-14 23:58:09','1978-11-14 03:23:51'),(96,18,12,'1970-10-21 17:09:03','1994-10-21 13:44:22'),(96,62,53,'1998-10-03 16:16:07','1981-03-12 15:18:56'),(97,51,55,'1999-07-21 19:11:25','2009-04-20 04:53:46'),(98,25,48,'2001-08-02 08:02:16','1996-10-02 11:06:07'),(98,39,13,'2002-01-27 23:36:24','2009-09-29 02:18:20'),(98,47,35,'1983-05-08 02:59:34','1983-11-03 10:01:38'),(99,86,93,'2011-10-02 18:18:08','1997-10-10 00:59:14'),(100,16,76,'2010-07-20 10:34:14','1978-09-24 22:20:29'),(100,39,79,'2018-09-23 01:21:05','2002-05-03 20:47:39'),(100,83,14,'2004-06-02 09:30:55','1996-09-22 07:17:56');
/*!40000 ALTER TABLE `friendship` ENABLE KEYS */;
UNLOCK TABLES;

--
-- Table structure for table `friendship_statuses`
--

DROP TABLE IF EXISTS `friendship_statuses`;
/*!40101 SET @saved_cs_client     = @@character_set_client */;
/*!50503 SET character_set_client = utf8mb4 */;
CREATE TABLE `friendship_statuses` (
  `id` int(10) unsigned NOT NULL AUTO_INCREMENT,
  `name` varchar(150) CHARACTER SET utf8 COLLATE utf8_unicode_ci NOT NULL,
  PRIMARY KEY (`id`),
  UNIQUE KEY `name` (`name`)
) ENGINE=InnoDB AUTO_INCREMENT=101 DEFAULT CHARSET=utf8 COLLATE=utf8_unicode_ci;
/*!40101 SET character_set_client = @saved_cs_client */;

--
-- Dumping data for table `friendship_statuses`
--

LOCK TABLES `friendship_statuses` WRITE;
/*!40000 ALTER TABLE `friendship_statuses` DISABLE KEYS */;
INSERT INTO `friendship_statuses` VALUES (87,'a'),(73,'accusantium'),(74,'adipisci'),(79,'alias'),(64,'aliquam'),(67,'amet'),(85,'animi'),(70,'architecto'),(56,'asperiores'),(59,'aspernatur'),(78,'at'),(38,'atque'),(2,'aut'),(95,'consectetur'),(51,'consequatur'),(33,'consequuntur'),(11,'corporis'),(42,'culpa'),(63,'cupiditate'),(75,'debitis'),(53,'deleniti'),(22,'deserunt'),(37,'distinctio'),(21,'dolores'),(57,'doloribus'),(99,'dolorum'),(31,'ducimus'),(96,'ea'),(32,'eaque'),(7,'earum'),(50,'enim'),(88,'eos'),(83,'esse'),(6,'est'),(54,'et'),(58,'eum'),(34,'ex'),(72,'excepturi'),(76,'exercitationem'),(97,'facilis'),(12,'fugiat'),(17,'fugit'),(61,'id'),(48,'illo'),(10,'impedit'),(30,'in'),(69,'inventore'),(24,'ipsam'),(39,'laboriosam'),(49,'libero'),(9,'magnam'),(68,'maxime'),(89,'minus'),(66,'modi'),(27,'molestiae'),(93,'nam'),(98,'neque'),(8,'nesciunt'),(5,'nihil'),(13,'non'),(47,'nostrum'),(40,'nulla'),(23,'numquam'),(91,'occaecati'),(16,'odit'),(1,'officia'),(28,'omnis'),(4,'pariatur'),(29,'perspiciatis'),(55,'possimus'),(81,'quas'),(46,'qui'),(62,'quia'),(80,'quis'),(25,'quisquam'),(36,'quo'),(60,'quos'),(65,'ratione'),(84,'recusandae'),(86,'reiciendis'),(71,'repellat'),(77,'repellendus'),(19,'reprehenderit'),(18,'repudiandae'),(14,'rerum'),(52,'saepe'),(3,'sed'),(41,'similique'),(43,'sit'),(15,'sunt'),(90,'tempora'),(82,'totam'),(35,'vel'),(44,'velit'),(20,'veniam'),(100,'veritatis'),(26,'vero'),(92,'voluptas'),(94,'voluptates'),(45,'voluptatum');
/*!40000 ALTER TABLE `friendship_statuses` ENABLE KEYS */;
UNLOCK TABLES;

--
-- Table structure for table `media`
--

DROP TABLE IF EXISTS `media`;
/*!40101 SET @saved_cs_client     = @@character_set_client */;
/*!50503 SET character_set_client = utf8mb4 */;
CREATE TABLE `media` (
  `id` int(10) unsigned NOT NULL AUTO_INCREMENT,
  `media_type_id` int(10) unsigned NOT NULL,
  `user_id` int(10) unsigned NOT NULL,
  `filename` varchar(255) CHARACTER SET utf8 COLLATE utf8_unicode_ci NOT NULL,
  `size` int(11) NOT NULL,
  `metadata` json DEFAULT NULL,
  `created_at` datetime DEFAULT CURRENT_TIMESTAMP,
  `updated_at` datetime DEFAULT CURRENT_TIMESTAMP ON UPDATE CURRENT_TIMESTAMP,
  PRIMARY KEY (`id`)
) ENGINE=InnoDB AUTO_INCREMENT=101 DEFAULT CHARSET=utf8 COLLATE=utf8_unicode_ci;
/*!40101 SET character_set_client = @saved_cs_client */;

--
-- Dumping data for table `media`
--

LOCK TABLES `media` WRITE;
/*!40000 ALTER TABLE `media` DISABLE KEYS */;
INSERT INTO `media` VALUES (1,3,60,'nesciunt',699,'{\"nesciunt\": \"699\"}','2006-03-20 05:36:34','2019-12-06 00:23:07'),(2,1,71,'ut',0,'{\"ut\": \"0\"}','2000-01-05 09:21:01','2019-12-06 00:23:07'),(3,2,76,'aut',7130347,'{\"aut\": \"7130347\"}','2012-08-10 17:31:18','2019-12-06 00:23:07'),(4,2,67,'necessitatibus',8,'{\"necessitatibus\": \"8\"}','2017-08-23 09:07:49','2019-12-06 00:23:07'),(5,1,4,'ut',8515645,'{\"ut\": \"8515645\"}','2005-04-29 22:16:26','2019-12-06 00:23:07'),(6,3,19,'numquam',0,'{\"numquam\": \"0\"}','1989-01-15 17:52:21','2019-12-06 00:23:07'),(7,3,83,'dolores',216686,'{\"dolores\": \"216686\"}','1974-08-02 06:45:31','2019-12-06 00:23:07'),(8,1,59,'cum',46366847,'{\"cum\": \"46366847\"}','1992-12-29 18:59:08','2019-12-06 00:23:07'),(9,3,46,'exercitationem',546238609,'{\"exercitationem\": \"546238609\"}','1995-04-30 10:13:59','2019-12-06 00:23:07'),(10,3,53,'explicabo',352,'{\"explicabo\": \"352\"}','2017-05-06 04:51:59','2019-12-06 00:23:07'),(11,1,25,'quos',88878,'{\"quos\": \"88878\"}','2008-02-07 04:31:09','2019-12-06 00:23:07'),(12,2,64,'reprehenderit',623,'{\"reprehenderit\": \"623\"}','1987-03-04 11:13:19','2019-12-06 00:23:07'),(13,1,46,'veritatis',8035,'{\"veritatis\": \"8035\"}','2013-02-23 14:55:26','2019-12-06 00:23:07'),(14,2,39,'ut',0,'{\"ut\": \"0\"}','2011-04-22 23:39:01','2019-12-06 00:23:07'),(15,1,55,'vero',44171,'{\"vero\": \"44171\"}','2018-07-18 18:04:08','2019-12-06 00:23:07'),(16,3,59,'veniam',0,'{\"veniam\": \"0\"}','2018-09-17 16:27:18','2019-12-06 00:23:07'),(17,3,29,'magni',66450123,'{\"magni\": \"66450123\"}','1983-08-14 01:47:50','2019-12-06 00:23:07'),(18,1,67,'rerum',85721651,'{\"rerum\": \"85721651\"}','1973-06-09 13:17:49','2019-12-06 00:23:07'),(19,2,47,'in',834896835,'{\"in\": \"834896835\"}','2000-09-27 04:14:52','2019-12-06 00:23:07'),(20,2,35,'sunt',0,'{\"sunt\": \"0\"}','2005-11-02 01:12:11','2019-12-06 00:23:07'),(21,3,33,'sit',509534203,'{\"sit\": \"509534203\"}','1986-12-05 03:08:04','2019-12-06 00:23:07'),(22,1,61,'distinctio',899958019,'{\"distinctio\": \"899958019\"}','1990-10-27 02:22:58','2019-12-06 00:23:07'),(23,3,4,'dolores',5304046,'{\"dolores\": \"5304046\"}','1984-08-16 02:41:33','2019-12-06 00:23:07'),(24,3,38,'ducimus',878,'{\"ducimus\": \"878\"}','1986-12-11 19:16:48','2019-12-06 00:23:07'),(25,2,78,'rem',91,'{\"rem\": \"91\"}','2006-07-31 22:55:21','2019-12-06 00:23:07'),(26,3,75,'eos',0,'{\"eos\": \"0\"}','2001-04-06 01:44:10','2019-12-06 00:23:07'),(27,1,42,'voluptatibus',3809785,'{\"voluptatibus\": \"3809785\"}','1982-03-29 07:58:58','2019-12-06 00:23:07'),(28,1,81,'ut',1394605,'{\"ut\": \"1394605\"}','1973-10-25 04:38:11','2019-12-06 00:23:07'),(29,2,82,'unde',745427175,'{\"unde\": \"745427175\"}','2002-07-26 09:20:01','2019-12-06 00:23:07'),(30,2,64,'voluptatem',329703269,'{\"voluptatem\": \"329703269\"}','2003-04-12 16:44:40','2019-12-06 00:23:07'),(31,1,73,'est',817557,'{\"est\": \"817557\"}','2006-06-25 10:37:15','2019-12-06 00:23:07'),(32,3,74,'pariatur',46903,'{\"pariatur\": \"46903\"}','1984-09-16 03:35:44','2019-12-06 00:23:07'),(33,1,52,'voluptatem',7226,'{\"voluptatem\": \"7226\"}','1998-03-18 01:16:16','2019-12-06 00:23:07'),(34,1,36,'dolor',97811214,'{\"dolor\": \"97811214\"}','2007-02-10 07:02:55','2019-12-06 00:23:07'),(35,1,26,'sit',287360930,'{\"sit\": \"287360930\"}','1984-01-10 05:07:31','2019-12-06 00:23:07'),(36,3,18,'necessitatibus',12646813,'{\"necessitatibus\": \"12646813\"}','2003-10-10 20:49:35','2019-12-06 00:23:07'),(37,1,12,'voluptatem',61,'{\"voluptatem\": \"61\"}','2013-04-21 18:05:08','2019-12-06 00:23:07'),(38,1,6,'ea',663261,'{\"ea\": \"663261\"}','2000-10-21 02:01:47','2019-12-06 00:23:07'),(39,3,93,'quae',7013,'{\"quae\": \"7013\"}','1981-06-17 09:56:34','2019-12-06 00:23:07'),(40,2,49,'vero',5510994,'{\"vero\": \"5510994\"}','2000-10-01 23:34:03','2019-12-06 00:23:07'),(41,2,63,'id',951939,'{\"id\": \"951939\"}','1998-08-12 15:40:58','2019-12-06 00:23:07'),(42,3,69,'expedita',0,'{\"expedita\": \"0\"}','2003-10-14 10:23:39','2019-12-06 00:23:07'),(43,3,54,'repudiandae',9,'{\"repudiandae\": \"9\"}','2006-01-30 04:49:46','2019-12-06 00:23:07'),(44,2,63,'aut',6312568,'{\"aut\": \"6312568\"}','2007-11-25 08:07:27','2019-12-06 00:23:07'),(45,2,54,'omnis',0,'{\"omnis\": \"0\"}','1970-09-04 03:05:18','2019-12-06 00:23:07'),(46,2,79,'nesciunt',6698077,'{\"nesciunt\": \"6698077\"}','1982-01-07 10:18:33','2019-12-06 00:23:07'),(47,1,31,'sed',0,'{\"sed\": \"0\"}','1990-06-20 13:14:55','2019-12-06 00:23:07'),(48,3,19,'dolor',89520767,'{\"dolor\": \"89520767\"}','1990-02-25 01:30:26','2019-12-06 00:23:07'),(49,2,3,'assumenda',730348009,'{\"assumenda\": \"730348009\"}','2017-01-18 14:45:46','2019-12-06 00:23:07'),(50,1,55,'nam',333485,'{\"nam\": \"333485\"}','1974-03-05 08:13:05','2019-12-06 00:23:07'),(51,1,66,'quas',44540104,'{\"quas\": \"44540104\"}','1993-12-27 09:14:10','2019-12-06 00:23:07'),(52,3,65,'excepturi',3170035,'{\"excepturi\": \"3170035\"}','2009-02-03 12:24:19','2019-12-06 00:23:07'),(53,2,25,'et',998834808,'{\"et\": \"998834808\"}','2008-11-05 07:53:12','2019-12-06 00:23:07'),(54,1,31,'temporibus',4,'{\"temporibus\": \"4\"}','1979-07-30 09:21:59','2019-12-06 00:23:07'),(55,3,77,'quod',613,'{\"quod\": \"613\"}','1992-12-06 02:36:32','2019-12-06 00:23:07'),(56,1,95,'quo',63778744,'{\"quo\": \"63778744\"}','2006-12-10 00:03:15','2019-12-06 00:23:07'),(57,3,41,'non',47119750,'{\"non\": \"47119750\"}','1983-03-01 14:00:46','2019-12-06 00:23:07'),(58,2,22,'quae',0,'{\"quae\": \"0\"}','2008-09-25 21:06:00','2019-12-06 00:23:07'),(59,3,86,'nisi',57,'{\"nisi\": \"57\"}','1984-07-01 14:16:10','2019-12-06 00:23:07'),(60,2,63,'aut',952657518,'{\"aut\": \"952657518\"}','2017-06-14 06:26:09','2019-12-06 00:23:07'),(61,2,57,'quaerat',401,'{\"quaerat\": \"401\"}','2006-12-26 12:49:25','2019-12-06 00:23:07'),(62,3,97,'repudiandae',60300424,'{\"repudiandae\": \"60300424\"}','2014-05-07 20:32:02','2019-12-06 00:23:07'),(63,2,11,'doloremque',3226467,'{\"doloremque\": \"3226467\"}','2003-08-16 04:44:40','2019-12-06 00:23:07'),(64,1,63,'quia',87783,'{\"quia\": \"87783\"}','2012-02-09 07:15:39','2019-12-06 00:23:07'),(65,3,81,'magnam',272,'{\"magnam\": \"272\"}','2010-09-29 01:34:49','2019-12-06 00:23:07'),(66,3,18,'accusantium',589550,'{\"accusantium\": \"589550\"}','1997-02-17 00:15:20','2019-12-06 00:23:07'),(67,1,44,'distinctio',2117583,'{\"distinctio\": \"2117583\"}','2015-09-21 23:39:45','2019-12-06 00:23:07'),(68,3,66,'aliquid',330645,'{\"aliquid\": \"330645\"}','1973-06-09 23:12:47','2019-12-06 00:23:07'),(69,1,96,'magnam',539157,'{\"magnam\": \"539157\"}','1997-05-15 16:12:17','2019-12-06 00:23:07'),(70,2,85,'libero',917636,'{\"libero\": \"917636\"}','1981-04-19 10:53:25','2019-12-06 00:23:07'),(71,2,33,'placeat',0,'{\"placeat\": \"0\"}','1993-09-05 05:05:43','2019-12-06 00:23:07'),(72,3,11,'qui',88,'{\"qui\": \"88\"}','1972-02-20 01:15:56','2019-12-06 00:23:07'),(73,3,57,'doloribus',91,'{\"doloribus\": \"91\"}','1988-02-07 11:38:02','2019-12-06 00:23:07'),(74,1,49,'nemo',461635781,'{\"nemo\": \"461635781\"}','1992-03-30 10:28:09','2019-12-06 00:23:07'),(75,2,74,'omnis',4,'{\"omnis\": \"4\"}','2018-07-26 01:10:45','2019-12-06 00:23:07'),(76,2,25,'dolor',7786520,'{\"dolor\": \"7786520\"}','1980-09-27 03:37:31','2019-12-06 00:23:07'),(77,2,99,'nulla',634,'{\"nulla\": \"634\"}','2016-02-10 14:54:05','2019-12-06 00:23:07'),(78,2,20,'quo',331504284,'{\"quo\": \"331504284\"}','1984-11-12 01:31:23','2019-12-06 00:23:07'),(79,1,4,'occaecati',58288873,'{\"occaecati\": \"58288873\"}','2016-12-13 16:59:47','2019-12-06 00:23:07'),(80,2,61,'sed',73515233,'{\"sed\": \"73515233\"}','1979-12-16 02:56:48','2019-12-06 00:23:07'),(81,1,91,'eaque',0,'{\"eaque\": \"0\"}','2002-04-12 23:43:03','2019-12-06 00:23:07'),(82,1,72,'inventore',66922,'{\"inventore\": \"66922\"}','2013-08-22 04:50:40','2019-12-06 00:23:07'),(83,1,86,'nostrum',9960603,'{\"nostrum\": \"9960603\"}','2000-04-08 18:26:38','2019-12-06 00:23:07'),(84,3,12,'sapiente',662477293,'{\"sapiente\": \"662477293\"}','1986-10-22 04:29:07','2019-12-06 00:23:07'),(85,2,3,'praesentium',636966,'{\"praesentium\": \"636966\"}','1974-05-12 16:27:54','2019-12-06 00:23:07'),(86,1,78,'nihil',85690,'{\"nihil\": \"85690\"}','2017-12-16 16:58:05','2019-12-06 00:23:07'),(87,1,79,'sint',75605992,'{\"sint\": \"75605992\"}','1992-04-10 10:09:45','2019-12-06 00:23:07'),(88,2,63,'esse',448439,'{\"esse\": \"448439\"}','2000-02-25 09:51:42','2019-12-06 00:23:07'),(89,1,75,'et',85,'{\"et\": \"85\"}','1976-02-08 17:14:33','2019-12-06 00:23:07'),(90,1,87,'sed',7566845,'{\"sed\": \"7566845\"}','1981-08-11 17:26:19','2019-12-06 00:23:07'),(91,2,10,'nobis',17110,'{\"nobis\": \"17110\"}','1990-03-19 05:11:30','2019-12-06 00:23:07'),(92,2,88,'iusto',5716978,'{\"iusto\": \"5716978\"}','2009-07-07 21:57:04','2019-12-06 00:23:07'),(93,2,9,'hic',9,'{\"hic\": \"9\"}','1973-07-22 19:50:53','2019-12-06 00:23:07'),(94,3,81,'accusamus',0,'{\"accusamus\": \"0\"}','2004-06-22 11:11:04','2019-12-06 00:23:07'),(95,1,76,'natus',882057271,'{\"natus\": \"882057271\"}','2009-10-22 08:17:45','2019-12-06 00:23:07'),(96,2,36,'voluptatem',2333,'{\"voluptatem\": \"2333\"}','2015-01-01 10:34:07','2019-12-06 00:23:07'),(97,3,54,'nam',50,'{\"nam\": \"50\"}','2001-08-10 14:49:47','2019-12-06 00:23:07'),(98,2,59,'ipsam',5993520,'{\"ipsam\": \"5993520\"}','2016-03-25 16:31:21','2019-12-06 00:23:07'),(99,3,33,'exercitationem',610724201,'{\"exercitationem\": \"610724201\"}','2000-02-12 05:57:49','2019-12-06 00:23:07'),(100,1,89,'unde',991,'{\"unde\": \"991\"}','1994-08-17 00:34:14','2019-12-06 00:23:07');
/*!40000 ALTER TABLE `media` ENABLE KEYS */;
UNLOCK TABLES;

--
-- Table structure for table `media_types`
--

DROP TABLE IF EXISTS `media_types`;
/*!40101 SET @saved_cs_client     = @@character_set_client */;
/*!50503 SET character_set_client = utf8mb4 */;
CREATE TABLE `media_types` (
  `id` int(10) unsigned NOT NULL AUTO_INCREMENT,
  `name` varchar(255) CHARACTER SET utf8 COLLATE utf8_unicode_ci NOT NULL,
  PRIMARY KEY (`id`),
  UNIQUE KEY `name` (`name`)
) ENGINE=InnoDB AUTO_INCREMENT=104 DEFAULT CHARSET=utf8 COLLATE=utf8_unicode_ci;
/*!40101 SET character_set_client = @saved_cs_client */;

--
-- Dumping data for table `media_types`
--

LOCK TABLES `media_types` WRITE;
/*!40000 ALTER TABLE `media_types` DISABLE KEYS */;
INSERT INTO `media_types` VALUES (103,'audio'),(101,'photo'),(102,'video');
/*!40000 ALTER TABLE `media_types` ENABLE KEYS */;
UNLOCK TABLES;

--
-- Table structure for table `messages`
--

DROP TABLE IF EXISTS `messages`;
/*!40101 SET @saved_cs_client     = @@character_set_client */;
/*!50503 SET character_set_client = utf8mb4 */;
CREATE TABLE `messages` (
  `id` int(10) unsigned NOT NULL AUTO_INCREMENT,
  `from_user_id` int(10) unsigned NOT NULL,
  `to_user_id` int(10) unsigned NOT NULL,
  `body` text CHARACTER SET utf8 COLLATE utf8_unicode_ci NOT NULL,
  `attached_media_id` int(10) unsigned DEFAULT NULL,
  `is_important` tinyint(1) DEFAULT NULL,
  `is_delivered` tinyint(1) DEFAULT NULL,
  `created_at` datetime DEFAULT CURRENT_TIMESTAMP,
  PRIMARY KEY (`id`)
) ENGINE=InnoDB AUTO_INCREMENT=101 DEFAULT CHARSET=utf8 COLLATE=utf8_unicode_ci;
/*!40101 SET character_set_client = @saved_cs_client */;

--
-- Dumping data for table `messages`
--

LOCK TABLES `messages` WRITE;
/*!40000 ALTER TABLE `messages` DISABLE KEYS */;
INSERT INTO `messages` VALUES (1,69,71,'Sed sit earum ut eos. Eaque maiores inventore architecto. Commodi doloribus asperiores cum vel necessitatibus.',42,0,1,'1982-07-05 20:36:34'),(2,45,13,'Et eligendi quidem et ea quidem aut. Laudantium eum est unde facere. Et et veniam laborum neque.',NULL,0,1,'1991-08-17 23:04:17'),(3,31,15,'Quibusdam dolores nemo molestias qui qui quas omnis qui. Et aut fugiat fugit repudiandae consequuntur qui. Aspernatur sed nulla porro assumenda assumenda explicabo maiores dolores. Omnis ab numquam corrupti quos.',47,0,1,'1995-11-04 01:01:05'),(4,81,60,'Perferendis neque aut officiis necessitatibus veritatis deserunt iure doloremque. Rerum possimus provident optio quo. Aut est autem voluptatum cupiditate eos quae quia. Eius est quis harum labore consequatur.',28,1,1,'1997-08-12 10:01:42'),(5,55,97,'A doloremque laboriosam totam fuga nihil sit inventore. Dignissimos aliquid consequatur vel error. Nihil cupiditate fugiat esse alias sequi. Delectus est maiores recusandae tenetur cum.',15,1,1,'2000-11-27 04:35:33'),(6,17,93,'Enim facilis repellendus reiciendis reiciendis. Inventore dolorum aliquid minima cupiditate aliquid error quos. A eius beatae quasi voluptatem id ipsam explicabo.',NULL,1,0,'2018-09-07 19:21:08'),(7,16,99,'Reprehenderit velit itaque fugiat maiores quod maxime. Nesciunt veritatis dolor cumque id officiis rerum. Eveniet iure autem aspernatur et numquam sapiente.',NULL,1,1,'2006-03-06 08:57:31'),(8,47,36,'Et ea non eius voluptatem. Aspernatur cum fuga quis cum optio. Minima id aspernatur atque consequatur et eum eveniet. Excepturi et cum et.',19,0,1,'2000-08-24 22:21:39'),(9,39,87,'Sequi reprehenderit blanditiis quia odio neque ipsum earum. Reiciendis et atque minus rerum est. Fugiat ipsum minus perspiciatis deleniti dolorem saepe quas quo.',14,0,1,'2001-04-27 13:12:08'),(10,15,17,'Ullam beatae maiores sunt aspernatur. Accusamus libero suscipit sapiente ipsam ipsa incidunt. Tenetur laboriosam dignissimos iusto blanditiis delectus in nihil.',NULL,0,1,'1970-03-29 20:58:32'),(11,37,33,'Amet sit doloribus enim neque. Sequi sit ut quae porro et explicabo eum necessitatibus. Quisquam blanditiis eum asperiores dignissimos dolorem dolorem. Accusantium exercitationem ipsum expedita eos earum quia eos.',NULL,1,0,'1980-02-17 09:31:15'),(12,53,65,'Cupiditate sed cum aspernatur aut voluptatem. Tempore labore enim delectus blanditiis aut fugiat. Temporibus ea ex error vero recusandae nihil et.',10,1,0,'2002-09-29 00:00:08'),(13,66,35,'A sed accusamus et eius nihil incidunt. Cum est temporibus facere distinctio sequi. Veniam qui consequuntur asperiores. Veritatis quis iure autem esse quia qui.',51,1,0,'1971-08-28 20:40:45'),(14,79,86,'Sunt aut perferendis temporibus sapiente minima ipsam fugit. Earum voluptatem aut ducimus sapiente.',46,1,0,'2013-09-16 04:54:33'),(15,93,5,'Dolores placeat qui sapiente non exercitationem ut ad. Qui est enim odio sapiente. Accusamus nobis explicabo tempore at praesentium et.',39,0,1,'1970-03-29 07:09:03'),(16,49,27,'Id commodi quae velit dolorem aliquid qui sed. Eos voluptatibus neque dolorem perferendis ut perferendis.',40,0,1,'1998-11-30 07:46:39'),(17,88,58,'Corrupti possimus asperiores qui iste enim voluptatem exercitationem. Dolorem iusto illum libero id tenetur at perspiciatis voluptatem. Quaerat quidem tenetur occaecati ut.',92,0,1,'2004-06-04 08:30:11'),(18,27,59,'Molestiae et corporis rerum odio dignissimos. Vel dicta illo nihil unde. Eos et quia porro est eveniet.',NULL,0,1,'1998-11-09 19:35:39'),(19,13,89,'Non sit quasi culpa adipisci. Est totam sapiente rerum sed reiciendis ut rerum. Asperiores mollitia nulla corporis aperiam quae quidem. Eum qui voluptatem rerum nihil ut molestias.',NULL,1,0,'2009-01-05 00:00:46'),(20,7,64,'Maiores quas labore et. Occaecati voluptatum et aut sunt porro. Porro qui provident et explicabo dicta. Voluptatem repellendus inventore aliquid dolorum aperiam consequatur nisi.',NULL,0,1,'2016-02-23 09:34:01'),(21,100,6,'Suscipit doloremque et nihil a laboriosam. Eligendi aut est consequatur aspernatur incidunt voluptatem. Doloremque quibusdam a ut impedit rerum qui et. Rerum voluptas aut minus sit saepe doloribus.',NULL,1,1,'1997-10-28 12:29:50'),(22,30,33,'Voluptas adipisci nostrum maiores repudiandae hic nesciunt velit. Ut porro ad sit vitae. Doloremque quo sed iure dolore. Autem quibusdam molestiae tempore tempora. Laborum consequuntur dignissimos quidem cupiditate qui libero aliquam.',NULL,0,1,'1989-09-10 11:08:14'),(23,74,72,'Autem repellat aspernatur asperiores. Nesciunt quidem sed ullam aut eligendi voluptatum molestiae. Molestias laudantium quibusdam qui incidunt minima optio rerum error. Aut labore itaque et a laudantium eaque molestiae. Minus qui dolores voluptatem placeat.',32,0,1,'1973-06-13 20:23:40'),(24,36,65,'Nihil quae velit quia et numquam ullam. Numquam aut quia fugit ea odio et ad. Nihil quia neque ipsa sed voluptatem amet. Minus ut est ut sit.',34,0,0,'1974-01-15 18:57:44'),(25,16,84,'Architecto eos repellat nostrum quia voluptatem quo iusto. Veniam rerum cumque odio nobis. Sunt animi voluptatibus voluptates.',NULL,0,1,'1977-04-26 11:06:45'),(26,73,13,'Ipsum ut quia dolorem numquam aut nihil pariatur quibusdam. Et repellat omnis et aperiam. Possimus iusto eos tempora officiis sit et dolores.',31,0,0,'1994-02-18 14:32:30'),(27,45,84,'Qui ut perspiciatis ipsa earum quis sapiente provident. Reprehenderit quaerat placeat quia earum deserunt. Sed aut repellendus quia aperiam. Sit et repellat voluptatem enim ipsam.',NULL,1,0,'1991-10-08 07:01:33'),(28,85,73,'Aliquid nihil dolorum velit nihil ex perspiciatis. Natus et iure molestias sit. Cum rerum eos quia atque ipsam error. Quas odit et eaque explicabo deserunt deserunt.',70,1,1,'1985-12-28 10:26:48'),(29,11,35,'At labore voluptatum magni. Sint molestiae aliquid et suscipit nihil aspernatur. Ex autem voluptates est perspiciatis cum. Sunt voluptas vel ut quia est deleniti. Aut qui et cum voluptatum corporis in corporis.',63,0,1,'2002-12-01 15:29:46'),(30,42,2,'Harum aut numquam qui. Sit assumenda reiciendis veniam et deleniti. Aliquid nostrum qui ducimus quod.',27,1,0,'1984-02-06 23:57:20'),(31,86,24,'Provident voluptatem neque et molestias. Est nobis reiciendis molestias in.',59,0,0,'1975-01-23 15:22:32'),(32,60,30,'Eveniet rem sit quas id rerum maiores repellendus. Ut occaecati est repudiandae incidunt vel in. Consequuntur adipisci id assumenda in sit dolore. Fugit nemo sed et laboriosam voluptas harum.',1,1,0,'1983-01-24 21:04:37'),(33,68,48,'Accusamus porro sunt in quibusdam et harum facilis. Vel et laboriosam in dolore voluptas omnis. Alias recusandae aperiam est sunt saepe velit et. Sit non exercitationem voluptates perferendis.',NULL,1,0,'2002-06-01 17:13:55'),(34,39,47,'Amet qui excepturi accusantium. Doloremque et error totam harum sequi voluptas eum. Consectetur ipsum omnis rerum quos. Quia dolor libero qui repellendus voluptatum nam.',14,1,0,'1994-05-06 01:08:08'),(35,20,57,'In ut sed cupiditate expedita qui. Est numquam nemo quas mollitia harum enim eaque. Consequatur repellendus perferendis exercitationem ipsam iure ratione. Esse dolorem rerum autem beatae enim voluptatem. Ipsum necessitatibus voluptatem ut pariatur assumenda earum ab.',78,1,1,'2009-05-17 00:12:04'),(36,27,62,'Voluptas explicabo unde saepe. Temporibus ut eligendi est omnis. Est commodi consectetur nisi pariatur. Et architecto nostrum temporibus molestias qui voluptate quia.',NULL,1,1,'1999-10-07 01:03:29'),(37,30,60,'Ut ut dolor molestiae aperiam quo. Maiores quisquam quis odio reiciendis ipsam quia debitis. Ea ut consequatur natus quam cupiditate dolore.',NULL,0,1,'1982-05-17 20:20:50'),(38,13,82,'Nisi quos fugit maxime. Delectus praesentium quidem ipsum doloremque at dolorem et. Aut nulla qui atque consequatur fugiat placeat magnam.',NULL,0,1,'2006-02-12 17:39:40'),(39,72,13,'Ea nisi tempore deleniti optio beatae. Sunt rerum exercitationem illum aut voluptatem sint vero. Quis nihil autem alias quisquam. Neque et excepturi cupiditate id error aut id.',82,1,0,'1981-05-18 10:33:22'),(40,50,9,'Tenetur soluta non eius et. Qui magnam fuga et.',NULL,0,1,'2012-03-02 08:12:52'),(41,94,43,'Quibusdam et eos totam nesciunt asperiores magnam dignissimos. Rerum nostrum rerum consequatur temporibus quam incidunt voluptatem. Porro incidunt voluptas voluptatem omnis et.',NULL,0,0,'1991-10-30 21:55:17'),(42,32,31,'Voluptatem hic dignissimos quod nihil amet quo a. Vitae impedit totam odio ipsa hic laborum asperiores aliquid. Commodi veritatis dolorum vel ea impedit. Exercitationem praesentium aut unde architecto eum mollitia natus.',NULL,0,0,'2006-11-27 10:11:21'),(43,56,89,'Eius ut labore fugiat officia sit veniam. Non et cumque voluptatem atque sit suscipit ipsam debitis. Error nemo nisi magni quia perferendis nesciunt enim. Nesciunt quia sunt dolor reiciendis.',NULL,1,1,'1979-03-27 15:51:34'),(44,78,21,'Et et quas quam omnis accusantium sed distinctio. Voluptatum illum voluptatem ad ut quia fuga. Ab omnis natus rerum qui a nobis sint. Veritatis suscipit voluptatum ducimus dolor possimus enim debitis.',25,1,1,'1981-10-25 08:09:08'),(45,69,81,'Sunt omnis omnis ullam quo atque doloribus. Velit dolorem neque tempora autem expedita aut rerum. Consectetur aut magni autem minima omnis.',42,0,1,'2006-01-05 21:03:27'),(46,97,41,'Nam perspiciatis nihil deserunt et rerum nihil aspernatur. Inventore quos id explicabo suscipit. Id distinctio qui occaecati culpa quo. Enim voluptas aliquid atque occaecati.',62,1,1,'1981-08-03 02:21:10'),(47,13,42,'Dolore amet unde sit et distinctio nobis. A officiis consequatur voluptates eligendi dolorum. Est exercitationem dolorum nobis accusamus similique qui molestias nihil.',NULL,0,1,'1986-07-11 17:13:46'),(48,71,27,'Voluptatem fugit vero velit assumenda. Quod quam qui dolor quos. Sit consectetur illum blanditiis id consequatur et voluptatem delectus. Ut molestiae ipsa iste.',2,0,1,'1993-03-18 13:00:49'),(49,23,34,'Possimus doloribus sed quos tenetur deserunt quaerat aut. Recusandae tempore possimus sed maiores totam. Et optio dolorem et illo aliquid. Est assumenda explicabo hic velit nobis delectus molestiae placeat.',NULL,0,0,'2004-12-16 09:34:04'),(50,100,99,'Iure deleniti qui illo et nihil tempore atque. Neque est et eum. Aperiam sed officiis nihil nulla natus vel. Assumenda doloremque perspiciatis cupiditate cum omnis est rem.',NULL,0,0,'2015-07-24 12:59:27'),(51,94,72,'Quo et numquam eius voluptatem harum ullam. Fuga omnis suscipit porro libero a eius nihil. Aut esse praesentium provident accusamus quis. Et quo et eligendi reiciendis earum. Aut rerum molestiae eos et saepe deserunt voluptas.',NULL,0,1,'1994-11-07 23:02:02'),(52,78,72,'Aut aliquid aspernatur eum accusamus non. Velit a ut ea suscipit. Et omnis enim expedita quod maiores. Et at deleniti non recusandae.',25,0,0,'2006-09-30 22:37:04'),(53,25,10,'Et quidem blanditiis harum eum. Et nostrum consequuntur alias deserunt et non assumenda. Aliquid sit laudantium est ut harum quibusdam velit. Est at voluptatem excepturi pariatur voluptas rerum odit.',11,1,0,'1972-04-06 16:21:40'),(54,76,49,'Eveniet est deserunt iste deserunt sit alias. Voluptate sed omnis dicta autem ex. Esse vel nulla quia numquam quis.',3,0,0,'2007-08-22 14:31:54'),(55,17,36,'Amet doloribus in tenetur rem illo similique. Asperiores tenetur consequatur debitis id. Sit et deleniti aperiam quos quis. Nesciunt illo eum nemo error vitae.',NULL,0,0,'1985-11-02 16:53:41'),(56,28,34,'Doloribus placeat vel et rerum. Quia veniam maiores aliquid velit consequatur dolorem alias ratione. Ducimus non harum veniam in et tempora. Quos rerum quam nihil repellat repudiandae ea.',NULL,0,0,'1973-04-24 11:13:51'),(57,85,22,'Minus nostrum rem aut rerum culpa inventore iusto consequatur. Ipsum ea velit vel aut quidem. Nesciunt commodi quia voluptatem iusto ea ea libero. Eius expedita commodi velit quia voluptatum id.',70,1,0,'1979-05-16 00:33:53'),(58,54,6,'Cum dolor enim pariatur eligendi nobis similique assumenda. Et voluptatem dolor quaerat quasi et.',43,0,0,'1975-08-11 07:46:47'),(59,64,3,'Molestias est ex eius et harum temporibus ut. Dolore commodi ex qui temporibus. Ratione inventore fuga id autem. Aut et unde quas deleniti alias.',12,0,1,'1988-09-23 00:17:53'),(60,23,7,'Doloribus officia architecto sint ab velit. Fugit omnis possimus facere numquam sit enim aut ut. Harum asperiores nemo cum soluta a unde voluptatem quaerat. Maiores est debitis et nulla unde qui sapiente.',NULL,1,1,'2015-07-21 00:22:49'),(61,62,91,'Consequuntur id et sunt fugiat accusantium inventore repudiandae. Corporis aut rerum deserunt illum ut odio.',NULL,0,0,'2002-11-12 07:14:41'),(62,67,61,'Fuga dolores minima praesentium nemo qui a. Neque ea quia esse omnis odio hic. Dolor maiores voluptas non id.',4,0,1,'2002-04-03 00:31:57'),(63,5,43,'Placeat deleniti fuga facilis vel perspiciatis ipsum illum. Natus reprehenderit fugiat unde occaecati recusandae cupiditate est. Repellat sed fuga esse labore ut eveniet reprehenderit. Eveniet omnis optio fuga pariatur inventore consequatur.',NULL,1,0,'1976-03-20 01:02:05'),(64,97,58,'Eum voluptas repellat quis et aut vel fuga. Aliquid quia incidunt sunt repellendus aliquid. Nam aliquid sit et tempore labore nesciunt corporis.',62,0,0,'1991-05-12 12:03:14'),(65,99,19,'Quis autem quo illum quidem voluptate deleniti occaecati. Sapiente sunt sunt molestiae quia occaecati harum perspiciatis. Dignissimos repellat reprehenderit est ducimus consequatur. Et rerum ea eius aut provident mollitia. Eveniet eligendi sint et sed.',77,1,1,'2007-03-14 22:53:13'),(66,96,25,'Qui enim in corporis recusandae omnis non. Veniam suscipit molestiae nemo quis modi. Repellat minima quia autem aut. Dolorem iure voluptatibus eius. Eum enim eos veniam hic saepe tempora est.',69,1,0,'1988-03-15 04:16:35'),(67,35,100,'Sint hic voluptatibus nihil. Neque eius autem aut quae. Minima sed voluptatem omnis perspiciatis quia. In ut eos distinctio odio dignissimos culpa.',20,0,0,'1979-05-03 00:50:03'),(68,94,70,'Debitis id in rerum dolorum similique ducimus. Et exercitationem et rem veniam esse rem. Suscipit ex reiciendis sapiente et consequatur accusantium voluptatum. Soluta consequatur suscipit neque commodi.',NULL,0,0,'1998-03-30 11:09:51'),(69,67,27,'Et repudiandae omnis numquam. Perspiciatis porro rem at consectetur soluta eos laudantium. Distinctio voluptates deserunt autem quo. Minus odit laborum debitis quod placeat labore.',4,1,0,'2008-05-23 00:59:55'),(70,30,72,'Modi officiis ipsam blanditiis est et. Quibusdam nostrum est eligendi. Aliquam aliquid aut placeat rem. Qui reprehenderit qui rerum.',NULL,1,1,'2005-02-08 07:32:31'),(71,66,16,'Magni qui repellendus quia accusantium dolore ipsa. Doloribus doloremque omnis blanditiis. Ducimus debitis deserunt nihil aut. Laborum voluptatem consequatur eum ut a.',51,0,0,'1983-02-27 11:53:40'),(72,80,51,'Earum consequuntur magnam sit quasi praesentium. Nesciunt et officiis nobis culpa quasi. Iusto laborum et reiciendis repudiandae.',NULL,0,0,'2006-01-27 16:38:13'),(73,15,20,'Repudiandae optio est delectus enim at. Consequatur voluptate excepturi neque. Vel aliquid libero veniam sed vitae voluptatem nihil.',NULL,1,0,'2019-12-04 20:55:43'),(74,57,22,'Quis et quibusdam similique blanditiis. Ut eum modi quae impedit. Deserunt omnis incidunt rerum nulla.',61,1,1,'1993-10-20 09:48:45'),(75,40,32,'Atque molestiae alias dolorem itaque sint ab in. Reprehenderit velit fuga sunt porro. Labore accusantium eius et ex saepe suscipit optio dolore. Et id fugit rem natus repudiandae dolor.',NULL,1,0,'2016-12-01 00:36:50'),(76,40,2,'Quae tempora est eos quisquam itaque officiis est et. Eum ratione in est porro odit. Quo omnis repellendus quam ut architecto cupiditate. Fuga libero enim ratione atque perferendis. Aut quam molestiae minima saepe quaerat voluptatem cupiditate.',NULL,1,0,'1975-04-04 00:51:25'),(77,92,51,'Assumenda doloremque quia quis quia velit ea nemo. Iure dicta eos exercitationem molestiae dolorem exercitationem quos. Esse autem dolorum et delectus repellat.',NULL,0,0,'1988-12-18 06:22:49'),(78,78,36,'Nulla in reprehenderit sit aut. Iste cupiditate maxime sed sit voluptates adipisci a. Repellat et quis quis ut. Earum earum natus quis temporibus placeat modi rerum.',25,0,0,'2000-03-15 20:42:24'),(79,47,25,'Eius ratione doloribus cupiditate fugit dolorem sit. Voluptatem officiis consequatur omnis eligendi delectus. Omnis sint omnis qui eaque ut voluptatem laborum.',19,0,0,'1998-04-25 14:09:43'),(80,86,52,'Esse nesciunt possimus deleniti laudantium veritatis asperiores. Inventore quas laudantium aut dicta ipsa occaecati. Temporibus ducimus unde pariatur qui consequatur nihil consequatur porro. Officiis quaerat sit eaque recusandae.',59,1,1,'1995-01-20 10:52:30'),(81,1,49,'Et iste quam perspiciatis ut. Quia debitis ut et aut exercitationem. Quia exercitationem laborum ducimus est doloribus repellat. Dignissimos fugiat et vel assumenda debitis et a. Excepturi consequatur fugit exercitationem esse maxime.',NULL,0,0,'1986-05-26 17:36:22'),(82,44,70,'Est veniam omnis accusamus magni. Molestias eum hic corrupti numquam fugiat enim molestiae. Eligendi neque porro et. Iste ea incidunt expedita hic aspernatur qui quam laudantium.',67,1,1,'1976-12-02 11:51:49'),(83,18,82,'Nam illo sequi dolores porro illum vero quibusdam et. Dolor deleniti et aut eum accusantium praesentium consequatur perspiciatis. Totam omnis quia iure eos ut. Consequuntur possimus quod dolor dolorem ad et ullam ab.',36,1,1,'1980-09-28 09:58:13'),(84,52,15,'Sit incidunt rerum quod non libero ut. Quia rerum possimus nisi voluptatibus et eaque. Rerum consequatur officia et vitae a et labore. Dolores deleniti dolor quisquam accusamus voluptatem.',33,1,0,'1992-01-18 18:32:42'),(85,19,48,'Architecto rem consequatur officia dicta praesentium quo nostrum. Nesciunt illum iste magnam minima. Reprehenderit iste facilis et impedit quia asperiores. Sint earum voluptas voluptatum sed. Sequi animi ut pariatur esse quia.',6,0,1,'2001-05-16 10:58:54'),(86,81,64,'Architecto et qui similique vitae. Quasi delectus est et ex quia. Iure mollitia est harum accusantium eveniet architecto nobis. Rerum corporis perferendis adipisci reprehenderit voluptatem sed.',28,0,0,'2017-09-08 12:37:36'),(87,74,76,'Aut architecto consequatur atque atque. Est dolorem maiores perspiciatis totam ea aut. Aliquam quas ipsam consequatur dolorem distinctio eaque.',32,0,1,'1996-09-23 05:20:26'),(88,60,70,'Corporis quas dolore aut voluptatum perferendis error laborum. Possimus velit enim quia quia dolor. Nisi quia ipsam dolor blanditiis.',1,1,1,'2006-03-01 15:33:10'),(89,71,45,'Sequi ut rerum similique architecto sint. Hic maiores voluptas tempore et dignissimos ut. Et dolores dolor non quia.',2,0,0,'2013-03-30 18:34:45'),(90,11,19,'Dolor dicta illum eaque rerum animi. Vitae officiis doloribus molestias natus sit eum voluptate mollitia. Ut velit placeat reiciendis.',63,0,1,'1971-03-20 17:38:57'),(91,62,52,'A officiis delectus sunt quaerat veritatis. Similique sint aut autem. Deserunt id corporis harum necessitatibus quae repellat atque amet. Officiis provident beatae quam eos.',NULL,0,1,'1998-09-01 01:33:36'),(92,76,21,'Omnis ipsum qui sed perspiciatis vero ea. Saepe facilis doloremque explicabo quia doloremque consectetur. Sit optio in quibusdam et reprehenderit quisquam. Libero sunt modi molestiae quia natus repudiandae quae. Labore repellat voluptatem autem autem delectus eligendi optio.',3,1,0,'1997-04-17 16:45:27'),(93,76,15,'Sit culpa eum iure quibusdam id cupiditate ut. Omnis voluptas animi rem nulla hic repellendus et. Sapiente reprehenderit eum optio dolore adipisci.',3,0,0,'2002-07-29 15:14:45'),(94,50,4,'Placeat omnis itaque similique animi. Expedita molestias cupiditate iste sint repellat sit. Eos temporibus odit ut id magnam non blanditiis. Quo eaque et rerum aliquam dolores quaerat sapiente. Qui ut non sint molestiae et dolores voluptatem.',NULL,0,0,'1988-08-09 18:38:38'),(95,69,31,'Nisi repellat accusantium eos. Ab ratione distinctio unde sit et dolorum. Vel atque rerum sed ad commodi aut corporis. Omnis qui aliquid rem quisquam.',42,0,0,'2001-03-24 04:31:37'),(96,50,56,'Labore earum accusantium et et consequatur neque non est. Aliquam at asperiores odio est. Dolorem excepturi dolorem esse voluptatem.',NULL,0,1,'1980-11-27 06:02:06'),(97,28,74,'Nihil soluta et qui sed nesciunt. Non veritatis ad dolorem consequatur tenetur. Soluta aspernatur eius quasi perferendis aperiam sunt animi pariatur. Impedit qui nesciunt libero quia perspiciatis officiis. Amet autem perspiciatis aut odio consectetur aliquid sed.',NULL,0,1,'2014-10-29 19:25:32'),(98,85,2,'Facilis qui iusto vel magni est nam. Ipsum quidem est quod qui ea mollitia. Aut distinctio quibusdam quisquam veritatis vel quia.',70,0,1,'1998-04-06 12:00:24'),(99,55,69,'Vero voluptas minus omnis molestiae voluptas non. Et deleniti porro earum ut quo minus soluta. Harum reprehenderit quas non quia eum qui.',15,0,1,'2013-02-10 15:36:40'),(100,77,80,'Et magni ex reprehenderit explicabo animi. Repellendus culpa dolores hic omnis aut dolor. Nobis aut incidunt quasi non illo iure necessitatibus.',55,1,1,'2013-09-07 10:16:41');
/*!40000 ALTER TABLE `messages` ENABLE KEYS */;
UNLOCK TABLES;

--
-- Table structure for table `privacy`
--

DROP TABLE IF EXISTS `privacy`;
/*!40101 SET @saved_cs_client     = @@character_set_client */;
/*!50503 SET character_set_client = utf8mb4 */;
CREATE TABLE `privacy` (
  `id` int(10) unsigned NOT NULL AUTO_INCREMENT,
  `name` varchar(255) NOT NULL,
  PRIMARY KEY (`id`)
) ENGINE=InnoDB AUTO_INCREMENT=7 DEFAULT CHARSET=utf8mb4 COLLATE=utf8mb4_0900_ai_ci;
/*!40101 SET character_set_client = @saved_cs_client */;

--
-- Dumping data for table `privacy`
--

LOCK TABLES `privacy` WRITE;
/*!40000 ALTER TABLE `privacy` DISABLE KEYS */;
INSERT INTO `privacy` VALUES (1,' '),(2,' '),(3,'   '),(4,' '),(5,' ...'),(6,' ');
/*!40000 ALTER TABLE `privacy` ENABLE KEYS */;
UNLOCK TABLES;

--
-- Table structure for table `privacy_except_user`
--

DROP TABLE IF EXISTS `privacy_except_user`;
/*!40101 SET @saved_cs_client     = @@character_set_client */;
/*!50503 SET character_set_client = utf8mb4 */;
CREATE TABLE `privacy_except_user` (
  `id` int(10) unsigned NOT NULL AUTO_INCREMENT,
  `user_id` int(10) unsigned NOT NULL,
  `friend_id` int(10) unsigned NOT NULL,
  `privacy_id` int(10) unsigned NOT NULL,
  PRIMARY KEY (`id`)
) ENGINE=InnoDB DEFAULT CHARSET=utf8mb4 COLLATE=utf8mb4_0900_ai_ci;
/*!40101 SET character_set_client = @saved_cs_client */;

--
-- Dumping data for table `privacy_except_user`
--

LOCK TABLES `privacy_except_user` WRITE;
/*!40000 ALTER TABLE `privacy_except_user` DISABLE KEYS */;
/*!40000 ALTER TABLE `privacy_except_user` ENABLE KEYS */;
UNLOCK TABLES;

--
-- Table structure for table `profiles`
--

DROP TABLE IF EXISTS `profiles`;
/*!40101 SET @saved_cs_client     = @@character_set_client */;
/*!50503 SET character_set_client = utf8mb4 */;
CREATE TABLE `profiles` (
  `user_id` int(10) unsigned NOT NULL,
  `sex` char(1) CHARACTER SET utf8 COLLATE utf8_unicode_ci NOT NULL,
  `birthday` date DEFAULT NULL,
  `hometown` varchar(100) CHARACTER SET utf8 COLLATE utf8_unicode_ci DEFAULT NULL,
  `photo_id` int(10) unsigned NOT NULL,
  PRIMARY KEY (`user_id`)
) ENGINE=InnoDB DEFAULT CHARSET=utf8 COLLATE=utf8_unicode_ci;
/*!40101 SET character_set_client = @saved_cs_client */;

--
-- Dumping data for table `profiles`
--

LOCK TABLES `profiles` WRITE;
/*!40000 ALTER TABLE `profiles` DISABLE KEYS */;
INSERT INTO `profiles` VALUES (1,'f','1975-05-30','Grimesborough',2469585),(2,'m','1998-12-06','South Janberg',258),(3,'f','2012-11-18','West Arely',362),(4,'m','2011-07-08','Marshallville',164),(5,'m','2011-03-24','Eleanorefort',768292363),(6,'m','2008-05-05','Percyborough',519),(7,'f','1982-02-26','Emmymouth',24871913),(8,'f','1978-11-27','West Remingtonport',98),(9,'f','1981-01-27','North Freda',42105),(10,'m','1984-10-05','West Jennyfer',0),(11,'f','1970-03-28','East Ana',3971180),(12,'m','2010-10-12','South Kasandra',718),(13,'f','1982-12-01','Laurianneville',528),(14,'m','2018-01-24','North Jarrellberg',7413604),(15,'f','1989-08-07','Koeppton',6496),(16,'f','2014-11-18','South Vivianbury',0),(17,'m','2001-07-07','Darwinbury',580318563),(18,'f','2009-09-04','Bergnaumview',40),(19,'m','2002-04-14','Schulistchester',2181034),(20,'m','1994-10-14','Arielleborough',11289),(21,'f','1983-03-29','Kadeside',78563),(22,'m','1972-04-20','West Maiaville',9),(23,'f','2004-02-15','South Brennan',96254813),(24,'m','2017-05-15','McKenzieside',0),(25,'m','1984-09-14','Vincenzoshire',1707),(26,'f','1998-02-24','East Princess',26044530),(27,'m','1975-07-25','Faybury',22449580),(28,'m','2012-07-29','East Juliusport',41719512),(29,'f','2002-10-17','Lake Havenland',24),(30,'m','2017-02-09','Sylvanburgh',36626),(31,'m','1973-09-05','Port Janelle',300),(32,'f','1999-03-16','West Jadon',0),(33,'m','1988-11-29','Kassulkestad',8771),(34,'f','2000-01-06','West Bryon',0),(35,'m','1979-01-09','East Aracelyhaven',76442),(36,'f','2006-11-22','Lucioville',99997),(37,'m','2015-10-09','Kuphalshire',21529112),(38,'f','1971-03-13','Dickensville',0),(39,'f','2006-12-25','Greenberg',670),(40,'m','1981-11-25','East Rowan',2),(41,'m','2001-01-28','Lake Nakiaside',2),(42,'m','1989-10-01','Jerroldville',3981),(43,'m','2012-04-21','Justenborough',98099575),(44,'m','2005-03-01','East Moriah',0),(45,'f','1970-05-23','East Santinoville',71971533),(46,'m','1995-01-16','Port Natbury',2835),(47,'f','1995-10-10','South Jeanland',107813905),(48,'m','2010-12-04','Haliestad',1034612),(49,'f','1980-01-10','Lunachester',36730),(50,'f','1990-12-03','Myrlton',23370745),(51,'m','1993-01-11','Kelsieburgh',0),(52,'m','2019-05-27','West Conorfurt',0),(53,'f','2010-04-09','West Ruthie',917079077),(54,'f','1997-03-20','Casperview',6),(55,'m','1980-12-03','Fredaport',98035478),(56,'f','1974-10-11','East Jarenborough',900673695),(57,'m','1995-10-12','Tamarahaven',32707),(58,'m','1974-07-07','VonRuedenville',30921616),(59,'f','2009-02-10','Bernierview',9035),(60,'f','1984-12-25','East Earnestine',714716213),(61,'m','1983-05-17','Patiencetown',363),(62,'f','2016-09-01','Manteton',343),(63,'f','2002-04-14','Mertzburgh',2721),(64,'f','1976-09-04','Lebsackchester',450466),(65,'f','1989-03-12','Port Amyville',671046),(66,'m','1986-01-10','East Mosesshire',4),(67,'f','1990-09-04','Metzfort',664450536),(68,'f','1992-07-22','Port Charlesburgh',8),(69,'m','1987-10-18','Warrenfort',79423077),(70,'m','2001-08-03','North Emmanuelside',24910167),(71,'f','1972-05-04','Gorczanyside',947),(72,'m','2010-11-27','Tillmanville',812),(73,'m','1982-08-03','New Zack',5765206),(74,'m','2005-01-10','Aldenport',45013604),(75,'f','1999-05-02','Beierville',6779),(76,'m','1988-08-25','West Eusebioport',26551),(77,'m','2013-03-29','West Nella',868),(78,'f','1986-08-28','West Esperanzaberg',4384983),(79,'m','2019-07-14','Michaleport',7),(80,'m','1994-10-21','Port Kathleenland',856471),(81,'m','1985-06-05','East Zelma',8649380),(82,'m','2007-10-13','East Kenny',655),(83,'f','1980-09-30','New Eden',97692),(84,'m','2009-11-15','Raynorborough',92560),(85,'m','1981-10-24','Ansleyshire',9),(86,'f','2007-08-18','Abshirestad',0),(87,'f','1990-06-12','Annettastad',6),(88,'m','1985-09-30','Westport',6),(89,'f','1976-01-08','Reichertview',6338966),(90,'m','2003-01-12','Dietrichburgh',7199879),(91,'m','1992-07-07','West Ezekielberg',85584),(92,'f','2010-03-28','Port Alexane',50),(93,'m','1993-11-28','Wolffurt',0),(94,'m','1995-02-09','Abdielborough',5722),(95,'f','2009-05-26','Maxinemouth',392),(96,'f','1990-05-28','Bryanaborough',7902966),(97,'m','1975-09-12','Eleazarstad',960),(98,'m','1981-10-07','Winonamouth',33835832),(99,'f','1970-12-10','Celinechester',0),(100,'m','1970-05-28','Kovacekshire',37);
/*!40000 ALTER TABLE `profiles` ENABLE KEYS */;
UNLOCK TABLES;

--
-- Table structure for table `section`
--

DROP TABLE IF EXISTS `section`;
/*!40101 SET @saved_cs_client     = @@character_set_client */;
/*!50503 SET character_set_client = utf8mb4 */;
CREATE TABLE `section` (
  `id` int(10) unsigned NOT NULL AUTO_INCREMENT,
  `name` varchar(255) NOT NULL,
  PRIMARY KEY (`id`)
) ENGINE=InnoDB AUTO_INCREMENT=5 DEFAULT CHARSET=utf8mb4 COLLATE=utf8mb4_0900_ai_ci;
/*!40101 SET character_set_client = @saved_cs_client */;

--
-- Dumping data for table `section`
--

LOCK TABLES `section` WRITE;
/*!40000 ALTER TABLE `section` DISABLE KEYS */;
INSERT INTO `section` VALUES (1,'     '),(2,'  ,    '),(3,'     '),(4,'    ');
/*!40000 ALTER TABLE `section` ENABLE KEYS */;
UNLOCK TABLES;

--
-- Table structure for table `users`
--

DROP TABLE IF EXISTS `users`;
/*!40101 SET @saved_cs_client     = @@character_set_client */;
/*!50503 SET character_set_client = utf8mb4 */;
CREATE TABLE `users` (
  `id` int(10) unsigned NOT NULL AUTO_INCREMENT,
  `first_name` varchar(100) CHARACTER SET utf8 COLLATE utf8_unicode_ci NOT NULL,
  `last_name` varchar(100) CHARACTER SET utf8 COLLATE utf8_unicode_ci NOT NULL,
  `email` varchar(120) CHARACTER SET utf8 COLLATE utf8_unicode_ci NOT NULL,
  `phone` varchar(120) CHARACTER SET utf8 COLLATE utf8_unicode_ci NOT NULL,
  `created_at` datetime DEFAULT CURRENT_TIMESTAMP,
  `updated_at` datetime DEFAULT CURRENT_TIMESTAMP ON UPDATE CURRENT_TIMESTAMP,
  PRIMARY KEY (`id`),
  UNIQUE KEY `email` (`email`),
  UNIQUE KEY `phone` (`phone`)
) ENGINE=InnoDB AUTO_INCREMENT=101 DEFAULT CHARSET=utf8 COLLATE=utf8_unicode_ci;
/*!40101 SET character_set_client = @saved_cs_client */;

--
-- Dumping data for table `users`
--

LOCK TABLES `users` WRITE;
/*!40000 ALTER TABLE `users` DISABLE KEYS */;
INSERT INTO `users` VALUES (1,'Sylvan','Bergstrom','brandi.rodriguez@example.org','1-553-945-1846x6999','1981-09-24 15:25:49','1985-12-03 21:44:12'),(2,'Susana','Heller','deangelo64@example.net','1-257-220-5021','1970-05-03 21:58:00','2014-05-24 07:12:19'),(3,'Anderson','Franecki','tbednar@example.com','861-375-8704x61181','2008-10-28 08:44:08','1991-05-31 16:15:33'),(4,'Alfredo','Schulist','colt42@example.org','+19(4)7580789430','1980-01-10 09:46:27','1997-10-28 04:14:11'),(5,'Mohammed','Aufderhar','garrick62@example.net','07160881307','1989-05-16 00:16:06','1997-02-05 02:27:25'),(6,'Garrett','Bashirian','lila.johns@example.net','959-188-8352','1977-01-31 09:28:44','1972-09-05 14:18:01'),(7,'Shanel','Hegmann','fsteuber@example.com','(820)047-9298x79561','2000-10-19 16:23:28','2013-02-20 13:52:06'),(8,'Geoffrey','Rolfson','anahi.brakus@example.org','+03(4)1913826518','1980-08-10 09:57:32','1975-04-09 00:08:29'),(9,'Allene','Johnson','osvaldo.zboncak@example.com','1-212-351-8783x03584','1980-11-22 10:45:03','1992-11-04 01:44:20'),(10,'Candace','Upton','cbarton@example.net','297-547-7626','2017-09-08 19:00:08','1988-11-29 09:13:57'),(11,'Kane','Abernathy','nola80@example.com','201-133-1639','1989-03-16 17:27:54','2008-02-02 16:11:04'),(12,'Keeley','O\'Keefe','brionna.torphy@example.com','492-231-1035x28682','1975-03-10 21:46:34','1998-06-20 23:02:12'),(13,'Monserrate','Herzog','maritza52@example.com','(105)552-3068','1998-08-31 15:56:09','1997-02-11 22:30:32'),(14,'Destinee','Nikolaus','milford25@example.org','+91(0)2286315717','1988-02-25 17:08:14','2009-09-09 14:30:39'),(15,'Hayden','Hintz','xtillman@example.com','1-618-818-5759x070','2002-07-25 20:03:28','1988-06-22 03:50:15'),(16,'Uriah','Olson','kmraz@example.net','1-561-167-3427','1994-02-25 17:06:38','1987-10-26 21:38:07'),(17,'Mozelle','Veum','bode.shaina@example.net','(857)120-3949x3743','1981-06-04 07:30:03','1996-04-05 08:28:28'),(18,'Jared','Flatley','dereck.ledner@example.com','(341)362-6645','1991-11-26 10:35:46','2006-08-08 21:16:10'),(19,'Aidan','Mertz','delphine80@example.com','(817)385-5042x40702','2019-05-22 10:58:42','2016-08-26 06:28:16'),(20,'Akeem','Gleichner','swilliamson@example.net','1-889-924-3119','1975-01-21 14:29:13','2006-01-23 11:33:48'),(21,'Lexi','Blanda','marshall14@example.net','244-995-7264','1998-05-31 11:23:37','2002-06-07 09:21:53'),(22,'Clyde','Schroeder','jamison46@example.com','852.712.5726x25210','2019-11-30 21:24:57','2010-04-18 00:02:52'),(23,'Lola','Doyle','tressa68@example.org','+52(7)9739380907','2014-03-17 23:51:17','2017-08-11 23:16:42'),(24,'Enrique','Hegmann','hudson.haylie@example.com','(434)800-3418x017','2005-07-28 01:39:24','1972-07-18 02:23:56'),(25,'Ford','Tromp','icollier@example.com','1-172-380-1668x1398','2000-03-02 12:39:38','1976-11-04 18:28:28'),(26,'Meghan','Cummerata','bkoch@example.net','+33(3)2514720110','1988-01-02 22:08:50','2006-02-11 08:48:11'),(27,'Esta','Pollich','burnice27@example.net','05196224367','1982-02-01 18:05:19','1988-04-18 01:07:19'),(28,'Alford','Hilpert','bogisich.finn@example.com','(162)052-5828','2013-03-21 00:01:33','1991-12-09 10:47:18'),(29,'Levi','Reichert','santiago69@example.com','(618)417-4800','2001-06-25 17:09:19','1978-10-26 04:06:01'),(30,'Anjali','Hermiston','taylor.vandervort@example.com','01299472262','2003-04-12 10:51:17','2012-09-12 10:55:53'),(31,'Ward','Wunsch','belle.eichmann@example.net','1-099-235-3638x24836','1974-09-16 11:18:27','2015-08-26 05:09:15'),(32,'Celine','O\'Hara','maryse.goldner@example.org','260-824-9228x7612','1978-09-18 00:50:12','1980-12-15 11:23:42'),(33,'Janiya','Wintheiser','florence.rath@example.org','424.460.9803','1984-07-31 11:12:25','1994-01-20 13:13:46'),(34,'Kale','Mills','jast.roman@example.net','284.450.9371','1972-07-27 03:47:39','1977-10-26 08:27:04'),(35,'Lyda','Botsford','kaia.heaney@example.org','817.259.9923x246','1978-04-19 17:24:57','1974-10-05 14:32:30'),(36,'Ellie','Purdy','willy.grady@example.net','014.608.5850x119','1974-04-14 01:51:30','1990-11-14 14:52:23'),(37,'Neha','Bernier','kirlin.katarina@example.org','1-009-992-3701x104','2000-05-05 22:07:48','1973-06-03 10:44:01'),(38,'Jeromy','Koss','clemens.murazik@example.com','1-080-291-5928','2007-07-16 20:52:24','1993-04-15 01:02:19'),(39,'Flo','Wuckert','rippin.samir@example.net','1-020-793-8718x3225','1976-01-28 16:52:24','2001-11-10 21:11:00'),(40,'Burdette','Abbott','annetta.crooks@example.org','1-412-386-7218','1970-11-06 16:47:31','1997-12-03 13:52:21'),(41,'Everett','Hermann','estevan.hayes@example.net','189-883-1345','1992-12-12 12:01:11','1989-08-23 13:53:39'),(42,'Wilhelmine','Grimes','lurline.klein@example.com','(335)925-6406','1972-03-08 16:38:19','1999-06-06 20:53:11'),(43,'Misty','Conroy','abshire.kasandra@example.net','(593)260-6395','1978-05-11 17:27:05','2015-08-21 09:21:40'),(44,'Orville','Jast','mkemmer@example.org','+83(2)4440480277','1996-02-23 05:04:58','1992-07-05 04:45:51'),(45,'Andrew','Farrell','romaguera.juwan@example.net','164.085.7799x341','2000-09-20 06:10:29','2014-05-13 19:35:10'),(46,'Tyson','Crist','yparker@example.com','06658221057','2001-01-20 18:34:21','1995-07-05 22:37:01'),(47,'Jacinthe','Beahan','ivy.hessel@example.com','1-311-954-3100','2010-02-06 15:17:46','1987-09-24 05:03:06'),(48,'Bart','Greenfelder','julian57@example.com','1-196-758-2862','2016-11-18 10:13:23','2017-12-07 04:08:02'),(49,'Joaquin','Waelchi','winnifred48@example.org','615.064.1969x00448','2000-05-03 04:01:56','2017-10-05 20:45:05'),(50,'Amelia','Doyle','wbradtke@example.org','887-741-0721x0699','2011-06-07 22:32:03','2019-07-01 16:27:23'),(51,'Maximo','Rosenbaum','hahn.jena@example.net','(634)800-6217x3168','1977-03-16 12:33:31','1975-12-16 19:34:02'),(52,'Raleigh','Marvin','tondricka@example.org','941.884.9060','1995-04-16 21:45:20','2018-06-09 22:26:35'),(53,'Deshaun','McClure','pablo66@example.com','333-951-9882x722','1979-04-25 02:27:28','1999-05-23 12:04:28'),(54,'Shaina','Harber','adrianna.hand@example.com','729-191-0236','2007-02-04 10:04:36','1990-12-04 09:24:52'),(55,'Jasen','Barrows','klein.katarina@example.org','(249)794-2356x7565','2009-08-03 06:28:14','1988-02-23 17:55:46'),(56,'Herman','Hills','aufderhar.ransom@example.net','869.741.9985x79915','1992-08-10 15:35:23','1971-06-06 01:22:53'),(57,'Devan','Volkman','aliyah.hammes@example.net','700-263-6633','2013-05-16 02:11:59','1972-09-16 06:45:12'),(58,'Carmen','Swaniawski','trau@example.net','+98(6)7114657293','2006-01-30 00:54:36','2013-01-05 10:33:17'),(59,'Preston','Gorczany','hfeil@example.net','626.038.2388','1972-07-24 03:12:57','1992-12-18 23:25:33'),(60,'Loy','Barrows','mack00@example.org','02154704440','1975-04-08 10:25:22','1974-07-25 21:01:28'),(61,'Damaris','Spencer','yundt.daron@example.com','620-042-0181','1983-09-18 08:26:41','2007-03-19 21:04:47'),(62,'Dina','Stroman','ohilpert@example.com','(751)432-8481x4845','1973-06-14 04:36:38','2019-02-09 06:47:17'),(63,'Martine','Rohan','ines62@example.com','441-239-2459','2019-05-07 03:44:44','1974-04-04 13:55:34'),(64,'Valerie','Bayer','little.ibrahim@example.com','(450)612-3134x64730','1981-10-18 15:43:19','1992-12-09 07:54:50'),(65,'Evie','Barrows','darius.kuvalis@example.net','(297)667-0376','1985-07-13 16:25:22','2013-08-02 22:17:15'),(66,'Jammie','Huels','lebsack.wilton@example.net','398-852-7984x508','1976-07-19 16:34:58','1971-04-01 21:46:06'),(67,'Ally','McLaughlin','brown.dudley@example.net','431.204.5841x66826','1990-04-04 02:05:09','1997-09-17 04:09:18'),(68,'Janiya','Harvey','dlynch@example.net','1-940-181-7626x74591','2010-10-23 20:30:05','1987-03-03 09:25:11'),(69,'Gideon','Hudson','hdare@example.net','560.432.4253x4819','1974-05-08 01:21:31','2016-01-15 03:12:38'),(70,'Brenda','Berge','jon69@example.net','569-536-9387x6677','2011-07-10 17:18:23','1994-07-01 23:31:58'),(71,'Giovanni','Brown','felicita.pfeffer@example.net','529.965.1509','2006-03-12 01:09:13','2010-12-24 18:05:04'),(72,'Jillian','Kihn','bschuster@example.org','421.602.0391x997','2005-08-05 01:50:06','1992-06-01 14:34:31'),(73,'Jackson','Crona','hane.marie@example.org','1-280-005-5530','1974-05-05 02:33:51','2017-05-22 04:58:05'),(74,'Zetta','Kshlerin','elda.ziemann@example.com','(934)077-9853','2019-07-09 00:46:32','2002-10-22 15:07:55'),(75,'Mario','Paucek','yoshiko70@example.org','999-925-0781x1709','1975-11-28 01:46:47','2005-01-16 21:14:04'),(76,'Alize','Satterfield','autumn.schroeder@example.org','296.885.2439','2003-06-10 01:20:01','1978-01-21 14:48:48'),(77,'Roosevelt','Haley','aorn@example.net','738-128-8342x28372','2012-01-14 14:05:53','2009-11-06 13:20:40'),(78,'Maud','Kessler','pbarrows@example.net','00592407764','2015-02-23 16:44:06','2002-03-30 06:11:40'),(79,'Cathrine','Larkin','javonte.pfannerstill@example.com','059-771-0479x9304','1987-11-07 05:14:25','1970-10-17 03:39:53'),(80,'Elouise','Buckridge','barrows.javonte@example.net','1-654-573-5446','2005-08-24 22:39:22','2004-03-18 04:33:25'),(81,'Amely','Yundt','cjacobi@example.net','811-029-9180','2017-01-17 12:41:43','1994-02-27 12:11:35'),(82,'Kay','Thiel','zprosacco@example.org','1-529-606-7450','1983-09-24 14:10:19','2019-05-03 02:30:31'),(83,'Mohamed','Leffler','ghartmann@example.com','1-077-566-5183','1973-01-12 21:22:07','2005-01-28 16:53:10'),(84,'Cleveland','Koelpin','rhiannon23@example.com','(300)191-2120','2011-01-07 13:22:00','1973-05-17 18:23:30'),(85,'Alta','Rohan','callie.cremin@example.net','(441)682-0326','1989-06-08 12:34:46','1987-08-26 23:42:38'),(86,'Kylie','Durgan','frodriguez@example.com','259.389.6902x1533','1975-12-27 14:31:36','1980-01-28 15:37:46'),(87,'Madelyn','Paucek','beverly40@example.com','(209)032-9308x224','1977-12-10 22:54:54','2018-07-15 10:41:11'),(88,'Dejah','Heathcote','nschuster@example.net','237.887.7713x07705','1973-08-21 03:59:49','2008-08-15 15:18:12'),(89,'Madelynn','Feil','kiarra71@example.com','(163)645-7554x463','1991-11-12 16:52:10','1995-04-02 21:13:34'),(90,'Jany','Jast','jonathan.kohler@example.com','744.047.6150','2017-12-05 03:20:37','1974-11-21 09:36:36'),(91,'Concepcion','Kunde','ciara19@example.org','1-348-919-4997x6656','1985-10-20 07:03:18','1997-08-18 17:16:08'),(92,'Roberto','Cruickshank','willis.ullrich@example.org','1-390-036-1067x5580','2015-06-10 07:01:43','1995-01-02 17:29:08'),(93,'Lyric','Ward','bethany.langworth@example.com','709.613.3514x072','2004-12-26 15:32:05','1978-07-13 08:01:22'),(94,'Charles','Hudson','esta.klein@example.net','829.754.9680x226','1972-12-26 19:41:32','2007-12-17 02:58:32'),(95,'Twila','Schaden','msporer@example.org','1-577-505-4018','1974-02-12 12:13:49','1998-01-17 12:18:26'),(96,'Ignatius','Goodwin','maurice.kuphal@example.com','032-440-4445x0555','1979-12-25 08:30:36','2000-10-03 14:24:57'),(97,'Alexa','Gleichner','stark.estel@example.org','1-224-229-9360x7106','1998-06-05 06:39:02','1978-08-15 01:45:12'),(98,'Eva','Hahn','fschuster@example.com','+79(9)4808284071','1992-03-17 13:31:46','2002-06-05 14:45:11'),(99,'Theresa','Osinski','camille59@example.net','963-092-5382x101','1984-05-15 17:54:24','1997-02-18 06:09:53'),(100,'Gillian','Leffler','uhuels@example.org','555-201-5880x4401','1972-07-29 20:40:18','1997-03-24 14:02:40');
/*!40000 ALTER TABLE `users` ENABLE KEYS */;
UNLOCK TABLES;
/*!40103 SET TIME_ZONE=@OLD_TIME_ZONE */;

/*!40101 SET SQL_MODE=@OLD_SQL_MODE */;
/*!40014 SET FOREIGN_KEY_CHECKS=@OLD_FOREIGN_KEY_CHECKS */;
/*!40014 SET UNIQUE_CHECKS=@OLD_UNIQUE_CHECKS */;
/*!40101 SET CHARACTER_SET_CLIENT=@OLD_CHARACTER_SET_CLIENT */;
/*!40101 SET CHARACTER_SET_RESULTS=@OLD_CHARACTER_SET_RESULTS */;
/*!40101 SET COLLATION_CONNECTION=@OLD_COLLATION_CONNECTION */;
/*!40111 SET SQL_NOTES=@OLD_SQL_NOTES */;

-- Dump completed on 2019-12-06 16:16:13
