0,Id
156215.02,725
188582.52,15856
239482.27,5480
336307.62,15664
139440.12,14275
206667.39,7633
180940.84,13329
222971.95,5502
311140.3,4220
198302.69,11538
249352.02,15975
207981.77,3310
153103.22,9286
203538.97,11260
108545.914,5214
183271.83,11307
394710.7,13543
174732.42,615
215652.28,3495
237040.55,2321
191026.53,12046
137437.02,16688
224204.7,12694
154985.81,783
158862.31,8968
174246.03,13454
260332.55,12190
116255.06,11160
197497.25,10291
291257.34,891
178107.39,2982
269547.1,3818
191409.53,2449
165109.6,8317
182166.5,4922
238836.25,1257
205931.05,9348
192599.64,4176
144677.08,10704
118262.48,6624
179590.19,5428
179257.73,12749
211907.75,8994
118787.836,11513
194294.11,3047
223416.95,9519
194862.62,12309
256326.98,14081
258283.2,8334
173395.12,6343
127994.05,14788
390097.78,15748
234677.92,153
192740.31,14149
188437.81,269
140033.67,5452
185773.22,721
305821.84,5079
154382.2,2831
116229.9,10614
271750.0,10131
291743.9,9996
194955.45,3061
322448.0,11733
290846.8,3726
201514.38,10929
158628.89,9011
279926.06,16182
176385.55,4976
248884.25,9897
153075.28,1872
343215.0,9205
409592.72,5403
206056.52,14074
149607.47,6268
165596.48,14232
239035.44,8532
274384.53,7034
302846.94,6553
171865.19,3133
196980.64,8596
246393.7,12389
179851.75,14462
358460.88,8860
276454.06,8377
288106.38,6367
242327.72,6917
189895.62,4216
167833.8,5806
184894.7,5438
194437.0,6632
144353.5,2650
173551.17,5396
148929.3,4044
232846.52,1345
181381.36,856
251839.61,12791
212755.34,12499
128864.484,12249
155477.8,14641
164139.7,1919
196260.06,7848
181510.53,10749
182331.86,15554
178512.6,15834
171451.14,1355
188961.28,15451
188326.1,12401
167491.53,10290
121769.27,9462
242218.0,3103
133199.31,3420
241392.2,12262
161202.53,5032
284156.2,8949
226776.36,15567
161938.0,16389
92044.4,7809
159696.66,8990
250079.97,16089
113942.555,12743
124401.99,5132
279035.22,1619
86507.61,2428
168176.39,16741
214853.92,13193
494123.84,12588
169688.16,5067
128133.17,14685
181903.48,2292
124795.5,5746
170331.03,12578
157550.45,14834
171537.22,2147
132934.45,8222
272363.12,10419
213600.19,11492
226690.48,3006
197475.61,8761
428449.9,15371
165319.5,16367
267722.16,6317
261193.34,10878
163602.25,3895
257764.94,8041
474178.6,13428
161864.36,14669
169475.33,1006
184769.08,12271
465754.97,3764
192849.56,7675
297293.47,11709
161710.25,8629
318665.72,1105
179270.42,6096
212009.72,11727
171228.4,5157
144161.56,3679
163588.05,1755
195092.1,7391
108406.71,7425
446201.44,6882
372366.94,10752
214653.28,7472
110387.03,14320
158367.4,9596
214921.27,5317
89867.21,7378
185058.42,16154
194585.39,3464
248024.83,4197
113572.664,9477
198910.83,12705
206040.62,16426
74749.23,1481
252617.45,9946
214797.67,12025
236644.83,5341
304612.16,9923
253489.48,7953
261016.47,11066
178371.86,5037
187774.7,2509
326953.7,4937
386302.47,12089
169399.36,4964
280195.78,16500
146548.72,4625
400537.4,2363
190678.77,8148
178822.58,3804
155905.97,4584
111758.07,10694
171357.1,2691
208713.8,2983
325253.53,13563
217240.56,10747
205771.92,1721
261299.84,2789
252541.42,7214
232017.3,8659
329150.5,5107
233365.72,3843
386846.5,14610
167134.25,15505
262546.5,5060
249848.78,16055
199006.77,14963
147846.14,4118
214581.47,1672
183951.44,3209
147385.55,16515
174785.22,973
182136.89,12529
123117.97,5896
323689.2,5450
171080.05,3249
161902.47,8911
227340.73,5898
185729.81,1024
207663.27,4766
176919.3,15804
211631.77,14303
181967.83,10707
229679.38,6605
307033.94,1138
400150.94,14088
188113.36,9154
182505.34,8190
277814.47,398
237242.92,13302
150792.25,9696
122807.31,16786
177428.22,16230
189098.31,6552
225530.69,923
314112.6,9602
264462.1,5857
169706.95,8120
186694.9,7134
170542.11,11726
125154.164,8069
167593.28,12420
178033.14,8604
289022.06,4854
187036.62,12212
314382.75,12099
452510.0,3882
388841.72,6995
216031.1,10172
285329.62,11672
277781.28,12897
195308.61,16097
291671.25,6779
190536.42,11199
356166.0,10816
428613.72,143
260773.42,5399
155698.23,3286
191879.23,13706
385408.38,1935
172570.86,16000
216365.44,2860
186454.67,11407
280286.16,16378
171447.77,12278
163866.89,3842
355820.62,2692
193719.03,7699
327801.06,6825
365477.97,7268
384972.56,1477
166878.67,9887
177473.23,9436
204516.47,3179
395340.22,1350
193829.17,10643
272404.84,5793
417171.53,11494
195261.05,4206
231831.27,12419
256142.98,8530
164095.22,5985
199944.12,8908
127406.055,256
183530.95,7234
214243.02,5648
219101.5,3014
175366.8,2184
238345.45,9189
209719.06,14884
177244.55,10333
140193.52,15896
135297.6,13269
239790.5,8603
187524.11,15087
208324.42,4344
77292.65,7981
213380.6,10908
167754.89,6190
196238.61,11742
145933.86,9224
191244.72,14667
195164.8,458
334130.38,2464
237304.89,12320
188337.4,278
206324.14,2912
212925.34,6698
121787.13,4510
182712.39,4183
219976.94,5551
178942.06,12187
223664.06,7948
194058.33,10808
169883.14,12432
172774.61,5356
526990.06,8984
186752.0,9203
93017.84,15412
133353.12,12041
282540.53,7644
209343.92,7071
167598.72,10685
162740.84,6763
139690.14,940
193582.17,14959
157970.56,1338
132454.45,5351
215256.7,6524
158388.48,12516
283829.25,3288
237189.66,3146
188209.05,3954
173539.05,11955
226670.97,1211
194446.22,15668
87060.08,1320
178791.14,9108
202285.89,16482
153022.89,5017
196177.48,8290
396869.5,4304
186943.61,1930
170720.58,12530
367809.7,11295
152492.56,3002
152603.67,15483
200137.39,11525
130444.125,13978
179862.89,4885
178273.56,8325
132145.39,3630
182443.12,9165
229781.72,13945
192453.53,10663
184727.69,14803
166393.89,7621
234650.39,8205
205775.6,10387
147225.62,5457
350313.75,10234
176567.28,6251
278339.38,701
172782.36,7930
138361.48,15028
86769.31,12172
203361.11,5805
320631.4,7411
203808.14,14806
161471.23,7890
159612.34,10440
172989.67,14926
161572.1,5381
423528.53,3800
241402.12,10511
253263.2,9324
206309.88,3313
153683.4,7351
190274.42,8459
121482.09,9957
179876.33,12024
229434.94,4380
176995.34,5042
145292.16,13289
373737.03,13407
151092.84,13258
272757.38,15993
177948.55,12525
243895.77,4062
191043.06,12065
183579.95,8227
151455.84,11333
140519.97,2867
248691.53,3319
334533.8,3523
204350.48,7055
175053.9,14930
134268.5,3444
325661.72,2940
298413.06,6935
357364.3,16116
243267.39,13370
225560.66,6103
178244.19,7446
181416.44,1859
191391.7,4079
170509.08,3228
144893.61,9665
397886.72,15957
171815.89,11533
127438.01,2314
226885.42,4096
184577.08,13437
230033.33,5980
195377.69,2008
176422.39,6754
156688.1,4129
293898.72,14557
292182.56,7096
268797.16,14297
219631.0,3967
115555.1,16485
343003.22,13075
192542.44,14289
164956.94,10988
145004.7,3230
174661.9,13250
206342.05,2559
358203.66,7739
155129.98,7213
244227.92,6639
282349.25,3164
169589.55,15207
184057.28,5113
153733.27,3929
241948.58,14493
181402.08,11110
205140.0,2033
208244.56,16057
208030.64,16709
151167.22,14313
290044.34,1028
104233.4,7187
268068.78,3738
318840.1,9869
201458.84,12644
112496.36,3686
259917.47,9196
202215.84,12326
179939.48,4936
176701.53,13314
329123.22,9857
188094.25,519
164888.25,8410
185246.31,1720
249354.0,10341
188139.53,14415
306026.3,10613
227917.77,8027
265725.88,15539
266759.2,7431
146536.25,1370
149959.27,12708
222710.94,2250
142381.22,14758
355166.3,8525
274119.9,1538
156274.69,1142
246033.45,1152
187358.88,9802
325766.34,3331
179297.16,15203
171385.69,4247
418808.53,1976
183421.52,2346
241406.84,10078
211853.47,1938
174166.02,7819
245735.16,2168
229807.77,15634
231520.95,8465
159232.34,9313
138122.22,6539
112993.664,6325
269389.44,13442
175025.97,9967
215260.75,7893
207931.23,2861
283086.25,11031
127016.195,15073
161484.34,13837
234719.95,2524
206714.4,8617
194244.75,13513
326393.0,3081
386236.97,10675
91338.61,1907
216433.25,4872
294006.62,16274
230872.64,11837
224647.64,16577
342214.75,5231
250572.11,11315
205775.6,273
245683.75,8363
212952.0,4255
234635.55,16330
183219.4,11528
273205.78,14799
251684.48,1611
182948.64,9234
110486.5,1633
201016.61,6791
482426.16,11567
219522.6,3070
240460.14,12094
301403.66,14335
164431.53,137
163495.75,7182
170371.31,11718
111282.28,5194
331359.28,97
406362.28,5118
320249.53,13920
189833.2,9952
209723.23,15337
217873.98,10243
369246.75,4048
154673.88,171
169623.44,11378
171594.48,14190
127566.02,15265
128254.75,2740
287772.9,5573
203903.84,4481
155703.55,2631
239594.53,4984
178853.64,16466
124609.055,16716
184541.62,15325
176160.1,10115
385007.5,117
110179.68,5476
183590.78,11757
133838.73,12359
171056.1,15546
157320.75,8133
453934.78,9018
177652.17,2075
312385.22,11170
204814.69,15733
145084.98,9280
332639.9,10734
155106.48,14071
241904.31,7373
175153.31,14736
153833.67,3458
175769.73,6183
208057.81,7825
193578.58,16775
178196.14,5717
146636.19,12397
488501.75,8189
213975.11,4423
139895.61,3994
194633.33,10342
188097.61,10051
143425.12,9453
288625.28,12593
92524.34,1274
343244.3,6933
152306.19,1761
289162.9,7157
154279.86,15169
364446.28,6792
176914.25,13830
218303.25,7240
253705.33,3051
120338.055,6550
198135.73,4603
182685.88,5729
331597.47,13473
147053.56,15104
409871.44,6599
260698.61,2216
302091.8,8721
201830.05,3645
215190.33,8664
219174.16,11001
161762.62,753
220223.5,8129
175444.75,15235
207238.33,3359
210446.03,10424
217150.27,10226
203771.84,9252
257935.61,3008
186997.66,5849
176651.02,8494
311893.34,6764
279124.28,12445
178418.08,11716
124049.87,4508
195047.5,5669
108037.24,11427
185259.89,11065
225212.77,8910
110533.39,16401
158916.44,11913
207054.27,6221
184659.45,10839
208785.56,2809
164339.02,13311
193538.98,6866
169522.69,6019
161062.8,3024
225000.66,1391
210905.8,15904
335130.28,15858
267747.4,9911
199221.34,16579
181896.17,4394
460738.62,1468
154936.61,12965
211739.98,2249
156576.55,14384
149937.36,13040
143170.08,8872
227830.72,12864
156032.36,15712
186238.31,14049
99565.62,1840
177386.55,12019
172003.45,8948
224214.83,15154
146975.78,6943
383987.03,12564
139462.5,12766
214696.53,7255
155812.52,7962
145893.75,709
162229.48,4634
192724.55,889
139160.22,4774
172143.23,13890
163321.39,15431
377383.5,8726
146167.48,10373
194050.78,6413
148001.03,9761
138862.05,15864
150085.44,6147
262897.88,3384
275869.97,320
169324.42,8006
170245.86,14395
104803.81,14976
217357.12,12185
123992.88,4779
156265.39,8551
219663.5,9025
219280.8,10616
110350.25,7475
319171.56,6341
144974.39,14163
172615.97,2211
296368.72,10532
135676.83,14338
185383.14,831
146958.2,3382
304369.34,9209
220006.08,7188
210022.05,7197
174809.53,11270
96205.11,15918
515517.72,6937
186279.45,6178
117868.08,10668
265955.28,1413
350212.84,6884
200724.25,8266
209066.3,14019
145733.72,16764
165110.8,15306
253115.08,3740
192840.5,5298
183230.02,8319
179555.33,4229
200483.83,13429
483082.78,1753
257022.34,860
149217.53,14219
205973.97,12113
126652.77,11309
196658.56,9930
202771.8,10570
144462.23,2839
125347.37,6699
126765.44,16647
254211.75,5325
161311.66,13733
322230.97,7818
220652.45,12505
182314.1,9489
187523.33,10106
203657.11,7864
239464.92,5134
145519.14,11859
385673.94,7440
324393.1,1525
185193.88,7339
322585.72,8
122417.51,3248
222988.81,8995
71783.79,15178
176672.88,8594
233772.97,15770
359074.22,15859
296052.12,1735
482523.66,11410
159331.17,16397
144081.9,3572
108965.1,5501
183905.53,969
443142.03,6977
172894.08,1233
165266.62,4258
478555.28,90
182581.38,16650
108565.05,197
231940.77,12514
172659.67,4367
206629.58,3199
198999.83,5600
196371.81,11641
111673.04,14609
160314.55,12775
173273.58,14240
186027.48,7933
327647.3,6945
196704.77,14006
235226.66,6320
183508.61,12061
219594.98,16369
393110.47,16354
307158.47,3970
205775.6,1048
212988.64,3639
193184.69,14448
365353.4,2812
151949.23,3932
273532.44,14875
120257.8,8883
314801.03,7622
138452.02,7252
177320.42,9751
199633.53,2378
278999.8,6816
185973.2,15358
150306.88,7843
390068.6,10448
288399.75,7840
246500.11,8880
399239.1,12551
190441.9,15470
219097.03,16207
125227.125,12123
345392.88,15247
235321.9,7481
355746.88,16171
313809.16,7461
310298.56,902
159502.53,13094
247383.62,11584
201839.86,4462
144934.36,15576
231755.25,16606
285723.88,5427
145790.2,7725
153727.36,5409
128344.93,12579
202593.78,12013
187371.95,11321
138261.67,9932
152839.72,591
201937.98,10357
226314.6,3336
193018.64,13
211940.27,4809
177841.58,7555
327734.16,15172
139533.81,6989
172305.75,4707
250450.55,2046
98136.88,6495
187938.4,3873
205771.92,7061
215121.64,12112
268452.16,8917
128032.99,7735
217873.98,16442
170906.92,4244
274206.16,3747
183427.0,11086
197553.19,10080
260923.23,15057
183227.34,1331
159361.8,8891
222794.72,13411
230086.7,16730
191077.25,2267
193889.39,3022
217006.69,11190
183280.64,11857
167121.7,9318
175379.83,16512
209727.81,2053
127775.36,13707
153934.03,12143
173452.39,14080
182892.72,6130
89378.73,7936
154392.67,10101
197754.78,5663
127273.04,14811
178238.53,1366
206041.84,908
124500.234,2953
161558.03,14629
209331.45,15096
193138.42,2115
156944.83,11770
179811.48,12701
136861.92,14584
406938.4,1893
535778.4,9501
100900.44,2138
216655.58,9346
405029.56,15960
164812.92,8230
207868.45,13843
250522.19,13810
190712.66,15650
140693.1,9974
207605.44,12200
209284.78,538
219737.95,5334
130326.32,14823
166025.64,4817
203228.8,9041
266134.78,4359
230690.88,4852
132495.3,10141
205793.84,1503
430455.78,16256
109634.26,683
186354.5,14382
222330.27,7248
170098.23,1200
174998.64,3563
389336.22,3681
245821.33,3053
210592.23,4099
151123.69,807
299145.97,4658
176178.48,3535
155479.05,12548
202831.1,10488
163918.25,5851
229825.67,13736
160878.77,875
165456.25,14449
342193.3,3958
179705.53,10727
138402.28,11296
266397.4,13646
190870.23,9599
280396.25,7135
320974.78,5943
270299.22,2695
196254.45,6766
167511.3,5630
194195.31,13586
420223.1,3507
142724.98,10014
343598.38,459
216438.31,3582
308583.22,8560
171745.64,3372
237005.64,13109
223991.7,8160
253038.88,10706
352299.22,9104
187234.38,2870
177005.61,13712
135733.1,13924
227367.5,798
450636.2,9750
390741.28,16248
181495.67,3170
230795.83,12700
132177.86,10601
200823.31,514
332484.44,4010
160843.61,8124
174070.56,10800
190908.47,13628
140861.56,11637
172930.84,781
185790.12,16156
254135.8,12618
170808.9,9766
252518.12,15987
313931.44,11051
210617.31,7673
415627.78,1245
155312.06,2443
98253.67,7413
140102.83,310
236004.69,10921
100578.45,8709
308228.0,12404
207471.73,14986
339040.4,10714
196119.22,14286
356244.16,13828
481043.7,8926
181850.06,12233
196907.62,3913
197921.38,5221
95978.45,14965
192642.42,862
134918.7,13907
177435.97,5418
179509.58,2045
196909.56,13321
189733.16,2762
179421.22,13888
138983.73,14962
357129.1,13305
258089.0,8487
158259.27,7146
165625.19,1134
324222.2,15092
242504.64,13760
459623.16,11958
183361.55,3177
202510.89,11350
113246.36,1524
260185.55,5527
205793.3,2872
398008.22,8602
312425.44,3067
209697.47,10435
209936.7,11222
158295.5,8700
223028.5,10961
187921.4,14305
339304.12,8362
165771.44,4979
313848.34,7180
95873.47,5763
223171.11,2192
171458.98,13581
160301.06,10720
232044.7,1358
288801.97,13366
373145.22,13539
184937.08,12849
170371.31,6794
501184.0,525
348539.16,12223
162740.14,16271
128446.79,5818
284116.84,16588
127934.5,8981
123257.29,16476
189336.56,14663
151775.1,3
132043.45,6615
255762.61,12215
256288.94,304
240648.1,13634
171823.95,9208
170765.36,2175
216871.4,250
181639.17,6045
161803.73,10516
407582.4,1852
189207.16,1573
173847.92,15079
175403.03,5500
150515.84,15775
164611.6,3198
199918.8,6718
187285.1,4149
252267.36,9627
278628.97,7595
183632.06,4538
198544.55,3555
399016.2,10483
164603.61,8834
178033.25,16412
150324.12,6449
178668.72,2767
166762.5,11498
143425.12,16472
339238.44,178
179494.52,10948
319605.94,13313
156345.36,8065
156184.45,102
151913.77,14428
144863.19,11973
201840.23,6663
138262.25,15989
434633.1,10955
146717.17,11772
223299.62,11364
172765.53,7082
484224.34,7749
134465.4,6428
103591.13,6869
167013.22,295
272582.12,12266
182282.98,11129
457880.1,826
234072.47,3262
307809.66,15641
569454.4,1662
221046.81,10926
209380.44,10232
181912.47,6376
173169.9,7817
198634.98,354
190711.97,10076
333738.94,11379
124439.555,10184
352875.72,4696
492646.06,13562
180242.88,5436
97460.336,13196
286536.1,14939
197261.12,14004
161967.72,5916
175270.3,7229
154961.08,9143
201304.2,3440
173832.86,319
236806.34,11683
242750.33,12647
157409.52,12788
199843.5,13662
266256.56,423
199672.1,5222
201777.72,9242
211985.89,2641
171381.05,4855
166098.88,5360
161244.12,9799
248075.84,5526
155358.5,10309
391904.53,2144
197160.92,7191
153684.92,6732
154763.86,14789
150811.9,13525
286148.12,4066
189501.06,16422
206956.3,14890
216990.17,2922
121946.9,3601
111842.875,13416
178318.53,14363
269066.88,9496
312036.88,7115
167599.64,8615
85703.62,5218
203128.48,9493
172315.31,10623
142556.34,2272
317685.53,3352
174285.83,84
142287.78,8086
234991.86,2595
146019.5,3531
401382.38,7460
273586.88,9214
265886.97,2790
249152.67,10548
173379.2,9218
181389.88,7435
188723.92,15780
218947.23,7640
177163.33,6223
115368.68,3425
146456.1,10582
262801.7,702
178357.44,2111
189321.12,11730
252970.08,9865
318852.22,16478
222971.5,1885
378608.78,3956
120298.73,16735
209093.0,15264
168482.53,15971
213093.48,5584
179347.83,15242
195241.55,14358
203862.81,11300
171990.52,5446
177503.97,3934
174481.3,6610
266356.16,10164
190571.05,4646
188230.31,13304
203700.44,1985
140861.56,4746
218654.55,7963
260168.62,14083
345150.78,13140
283600.7,15023
232786.64,13093
189319.64,7160
188160.14,7407
198974.05,16056
462835.88,751
80693.664,6179
311979.5,9137
286768.03,10992
575749.1,5744
166915.89,10884
261086.72,12858
255180.94,13005
186351.72,16714
242375.28,1419
201666.94,6064
194484.48,3771
488011.5,5945
78291.66,8453
155582.4,3806
260649.33,16748
212229.11,11380
196942.56,3107
193494.67,12003
213765.64,14567
177684.56,1079
152140.6,11705
206156.72,7814
177006.4,10174
253431.27,5514
231981.08,5265
359712.62,10520
214389.5,13195
422604.06,14601
191859.94,6012
164831.98,13079
132342.2,9009
186741.06,3122
243858.3,5470
161873.75,4840
264363.16,6270
98462.47,9158
103421.875,10120
280984.3,10672
142572.0,4573
314023.4,12118
127510.336,7447
197874.62,2171
260132.25,6126
168266.73,2836
261120.14,1457
216639.53,11165
216542.88,5923
210240.12,1813
236985.25,3492
331527.94,1917
442087.6,965
153993.6,15795
214483.44,821
163139.84,4568
230747.0,9078
134073.1,11371
187847.47,5149
213183.61,281
241704.19,1918
131713.4,776
205505.11,210
179962.38,10782
185326.47,9653
162490.55,9372
144731.36,5868
135342.44,6176
153824.25,3969
165093.0,7427
382379.4,8544
211094.06,5219
134017.14,16488
233889.34,5855
123624.055,15920
454508.25,4393
144068.1,5770
150901.25,2900
93774.22,8622
261678.55,11610
122545.414,10969
164439.23,11029
314345.4,6193
463833.72,14087
156960.6,13623
175644.34,16689
222840.17,1027
145557.95,949
116513.54,672
152305.7,13832
230556.08,2471
279012.16,8728
214902.5,7742
210294.2,2698
185689.08,9084
281723.9,6075
172595.9,2874
127470.03,13119
211419.9,5010
172156.47,1284
170664.28,1151
272299.62,5110
141712.36,11386
211540.45,8019
129842.51,2859
172619.36,16110
296338.75,16027
178691.44,14902
200324.1,14301
233233.22,2451
135988.9,13596
143888.0,1464
349460.4,7927
187501.6,9638
253734.72,8009
161878.69,11903
118872.016,9243
181889.12,547
122508.945,5511
184826.95,11247
368396.97,15928
232467.19,3434
110656.234,7614
195668.77,1380
141032.44,2770
171098.02,111
127785.42,5994
196047.92,12341
272882.8,2787
337480.6,14410
130938.89,15983
212010.12,14876
133971.2,653
259351.3,2174
376135.12,2575
174467.72,7976
327390.34,5812
394488.4,13589
137525.2,9122
458765.56,8159
347233.12,8754
201992.58,9321
179899.45,13535
171351.33,2083
305586.9,2689
247472.38,2248
152714.56,11649
203448.6,11045
94539.61,1276
135068.36,5962
179435.75,13012
172079.94,4642
173219.64,179
435632.34,15347
158833.8,3339
189453.3,8166
167469.9,11617
275221.75,52
228560.84,4395
208647.2,2183
178927.89,16045
204157.77,15719
203507.4,9864
508508.3,1903
175868.78,13451
167716.98,3640
190050.95,16551
162422.58,2343
202955.22,10528
226755.16,134
331532.38,13966
148395.08,2366
212963.69,1198
114873.555,12627
224539.69,11623
127216.9,8267
296097.62,56
276607.53,2988
250824.69,8843
245588.31,3043
350509.25,16486
167849.5,1241
274605.97,11180
184865.33,1984
152783.64,7364
129560.12,10769
255990.25,16617
334950.4,9007
389882.06,12953
183235.62,11366
218195.9,16483
201522.75,2326
147640.12,14195
212527.67,3484
179700.23,15257
260404.47,11920
170051.45,1359
161964.34,10353
135826.7,15614
263714.44,15101
305179.34,12755
190984.05,6252
190699.23,7485
222517.06,12603
308230.4,5281
164314.83,10708
161234.5,12563
208760.38,4592
280649.72,3390
181538.17,1986
133077.42,5745
202567.3,14108
120510.15,9693
145828.5,669
276673.38,7320
153994.16,10258
208772.36,507
174078.33,10365
192904.55,9363
117740.25,8736
199467.97,15100
149948.2,13420
286351.62,13248
399702.16,1972
241366.78,9258
266561.56,16455
205428.84,6150
178399.08,6283
225590.73,14979
175731.44,13935
177360.02,4985
124323.1,5393
136839.58,1730
209506.2,14129
177251.5,6254
406868.9,4173
285483.5,4910
162673.44,1297
140798.1,3366
303808.72,6044
137621.72,6259
114489.836,3852
213801.89,8723
188902.6,16109
193718.69,3721
285235.34,13453
212369.39,11962
153249.61,12998
195886.31,6886
312638.38,8200
239523.17,51
268087.4,3930
191684.5,6310
205775.6,6112
145648.02,5135
276850.16,7522
245193.64,9825
257862.84,2411
479708.88,14940
169679.22,15970
285781.44,9894
182949.03,2564
225147.2,7095
208040.25,16754
142784.86,16195
243449.33,1770
401304.06,5363
265199.44,11360
357197.62,13034
149564.53,6542
219555.34,15870
259295.95,217
271293.56,6490
334863.7,6692
173166.19,2235
261614.95,16732
186436.4,11499
193348.1,12617
289954.06,9060
136219.83,12017
160232.64,16750
177208.9,12230
177644.7,2158
140776.7,15184
185037.2,2981
204235.56,10281
196813.12,16596
336560.75,6976
158192.48,14680
185983.42,10618
204808.39,271
207333.86,10817
449279.16,1823
131773.7,9549
168455.69,1201
216937.33,2112
180805.86,2951
188574.67,7183
127028.016,11404
274224.72,5473
254698.6,9232
341060.38,3033
166310.83,11002
236279.17,8299
194424.44,15417
246806.36,15612
185804.89,6168
183083.42,13751
178433.1,764
93266.836,12833
80418.664,2009
339865.3,1005
183225.58,10740
238094.78,15323
139786.33,9884
320624.6,6185
152251.23,2311
365611.94,7538
200081.5,6256
431641.3,619
268010.66,1968
111800.484,10168
208467.97,10762
145393.17,12392
302260.56,8877
219139.86,2441
203246.1,4974
184740.31,12450
201049.02,15837
403371.94,5260
152895.75,6591
262732.34,11688
174487.67,9940
190442.73,12070
132295.81,12876
213540.27,6858
228109.88,2385
182894.42,3596
137208.25,13540
137832.58,2077
338681.72,5654
202926.47,14029
114643.98,16140
542408.6,13303
161576.5,7289
163150.17,15226
176470.06,3330
320078.72,15642
474973.97,16217
206468.81,7330
112393.84,3894
194323.95,6719
162869.25,13013
219265.36,15835
354991.38,10873
273884.56,16379
238492.98,10771
163213.44,13943
267809.78,5139
190822.73,5309
388898.28,14227
197403.3,16292
198032.23,14968
213893.44,13277
86277.43,1731
139707.05,7286
189865.92,7455
215562.83,3250
183742.55,1659
317135.7,15806
227223.94,7491
209012.83,1990
321567.0,7769
239840.0,9694
210509.38,11961
200275.72,4669
302692.12,13826
215419.8,1691
129771.91,3986
166361.28,1407
180449.83,5517
181191.9,8432
172375.19,2214
170595.9,10449
189949.88,2941
178473.08,5944
250470.73,1555
182190.0,6105
248681.58,4453
243138.97,5892
273690.12,5000
175343.89,12995
181323.97,8905
147239.9,11440
253669.55,419
137721.22,4712
149806.0,2094
163717.22,4567
180643.97,10717
398039.28,1248
180538.36,12405
408397.94,8331
166134.08,3113
265692.38,6926
330945.88,6777
184664.42,4060
285433.66,11547
148749.23,15199
179742.6,9282
282407.28,16123
171668.03,14094
288287.97,8770
339335.75,1054
192420.3,11363
109793.57,8756
165779.52,4800
91583.33,7620
182448.03,9101
238891.48,13954
388660.03,13600
216671.31,2893
195069.89,763
184284.17,5347
107644.805,12096
198470.75,16333
309419.84,16432
100044.29,3513
215906.48,13494
204555.97,8690
162105.17,7266
165880.62,3472
194221.38,7021
222126.12,12952
211317.0,2774
201625.8,607
194530.67,6897
229093.11,8220
166252.92,8071
262033.22,7091
315232.34,1805
196529.81,3594
254532.36,13103
146847.64,2203
170509.1,12622
224590.2,13270
109169.4,9461
148740.66,7759
199284.95,4256
195750.34,9093
280922.1,6033
179371.58,7734
429157.22,12368
219781.98,11740
190920.14,9907
284548.44,12398
200261.19,6290
218204.9,2882
204148.06,5091
240530.83,7228
363530.78,5953
359296.28,5707
194254.62,10159
220758.75,7813
166282.14,6463
146493.98,7264
177488.97,5405
181772.69,7543
281779.12,13702
247481.03,5538
106541.34,6762
190587.64,9416
328607.25,10415
282645.97,2139
145057.36,13151
204945.28,10301
227626.36,13273
112312.336,7609
173011.3,4884
259577.75,3438
187942.25,2215
152320.53,1723
209065.02,2340
393067.3,3950
237716.62,7312
488383.66,3602
146399.81,12053
186628.78,16240
205771.92,8301
160088.06,14068
416461.9,6216
204442.72,12910
402288.2,7656
203972.83,7854
173285.06,14636
267346.72,12267
416805.9,11334
275945.28,9326
179924.05,5935
146591.89,16132
144501.4,8318
175725.7,5009
210694.03,3883
156901.0,7565
138562.06,7960
179207.2,16736
179715.45,15284
225427.02,4301
404073.84,4273
172678.55,8436
357479.16,2113
252969.4,8469
216512.58,648
226398.19,7526
227382.52,9656
174344.08,516
489044.47,6849
228249.06,7013
465907.97,13741
182211.31,13281
288377.84,12374
467149.56,11855
127536.375,2759
114610.43,6759
156250.86,1667
290046.03,5138
153672.56,2452
98238.77,13027
122620.72,2493
139935.3,9899
208297.39,8151
138307.16,5349
290241.47,3926
301324.53,6394
183456.36,11720
228906.89,578
181429.83,4001
205024.77,13504
347863.16,14836
167933.88,1741
182656.6,1278
207968.55,11890
194905.83,1803
207558.12,11418
208001.8,13693
209704.34,7321
162873.86,12575
217507.8,6966
177681.9,16613
317029.06,3148
159552.33,8920
482921.06,13984
259139.64,802
175366.84,13893
165829.97,2495
168389.08,1695
303773.34,14995
256631.2,10890
290345.22,5282
235981.14,13487
348165.44,16615
367748.16,4545
143121.4,14032
241484.86,15707
192866.39,13931
175745.34,946
482256.53,11500
140651.81,10220
207429.02,2604
328113.7,10761
284985.38,10982
197767.88,11729
120687.95,8152
173614.78,5323
152203.34,9448
163220.4,14935
311605.6,385
316335.38,7039
195563.4,9366
243407.69,15823
186051.47,8993
178714.02,1282
181206.25,437
146327.77,11011
182469.55,10104
164464.52,16321
254812.73,11188
149034.95,14291
172624.42,7781
244159.42,1203
237963.95,3731
337030.25,9037
145701.47,12937
206277.78,5196
185751.28,1746
124229.44,6345
261034.88,7950
211716.39,11552
101654.086,11950
378481.97,4805
325572.2,9152
365764.8,555
134926.3,6765
309565.53,8515
174697.84,13915
176258.27,16036
185870.64,16625
273847.16,11870
137293.86,3304
286554.03,9636
478365.66,5232
208806.92,8878
183115.02,2756
132980.03,5140
181429.83,375
228708.38,7149
298271.22,16353
181142.08,15742
181362.1,5957
170889.34,12580
243108.81,10409
187026.39,13766
193882.7,7778
192168.55,9028
192355.06,14213
215233.61,12691
161479.16,1658
226978.39,15352
206277.78,10670
186361.27,14260
201067.08,8870
205577.83,12054
322212.56,9386
296225.16,14378
176531.4,2080
251866.03,12729
125218.65,932
213986.7,3149
223578.03,245
174981.38,6334
360888.38,11684
123541.36,5099
128656.016,1828
176873.22,13464
260840.84,4023
151981.6,6563
185641.47,13207
524567.5,14075
200103.27,5722
234838.17,2308
233220.36,8169
276613.38,3341
78466.17,7693
255586.81,2549
297856.84,11576
197371.16,8010
269006.53,605
376518.38,1580
336517.47,1588
175524.08,15197
181169.05,190
131053.305,12488
219429.03,12254
187201.02,3991
212304.92,5076
142249.44,3214
204023.56,2348
203487.3,13573
183379.47,14296
246129.16,4207
238220.62,6529
168056.34,16043
204235.56,2508
177587.31,12297
199980.69,10012
155798.53,1874
221483.2,8451
216454.44,16108
383033.1,7200
459185.34,859
273950.34,8415
78613.48,1649
368790.12,6269
167673.31,8350
205454.16,10978
154790.98,16751
123666.86,10133
185819.38,11908
129417.805,15627
109414.61,14923
287053.34,3669
127713.65,8316
311131.97,5702
189274.25,3480
187426.89,11965
111737.49,5869
331424.16,11147
173887.16,6505
287900.75,13797
204285.78,14915
179639.84,8221
161293.64,5873
221364.36,13900
262024.1,13804
159369.97,994
192819.98,2118
219862.83,15158
116757.32,9898
494736.9,3509
107569.73,10228
419075.75,12409
239045.53,9260
147313.16,11462
200721.06,3265
266134.78,54
276340.6,9316
305273.1,16208
183887.97,16582
237313.47,6338
205954.2,699
153081.11,3396
185383.95,13995
136844.33,8971
232398.42,6068
177552.56,7020
182802.7,14015
237744.73,4172
464961.3,12959
188010.97,5659
128886.75,14766
187731.72,14402
170587.25,6611
288283.72,3213
180295.73,13306
208023.17,5966
370114.88,3685
238509.69,10994
207162.42,13564
193424.45,6507
353054.53,3196
156281.0,1771
310053.47,13367
127734.445,1529
178198.58,11128
240455.45,11948
144274.08,3798
186445.58,11443
174042.27,15581
272301.44,15056
326788.8,5114
184596.8,12195
295781.3,2044
101152.27,13169
323736.56,15180
153404.38,15543
145292.16,3770
291724.16,772
175184.11,990
222973.36,5567
278492.5,10805
249381.28,3951
178927.97,9484
314851.72,3867
211306.4,15605
270790.1,3805
305594.0,7254
206664.4,2179
191207.19,12745
257338.3,16545
213266.88,7310
175622.66,8539
161431.98,222
379528.25,14084
136060.27,15453
261354.69,12318
355576.78,7368
213015.06,4027
148345.22,4106
190444.48,506
244249.81,1995
215178.75,7165
167697.2,12615
161275.75,16792
279531.9,221
152287.34,9710
149008.12,4364
281939.16,3379
204976.73,8954
156875.14,16630
345381.88,9624
258358.2,6967
192063.55,8070
174505.17,933
241917.56,8155
171279.72,6771
181268.22,16477
198789.39,675
191069.86,7201
171023.19,8254
209247.84,11325
146889.33,14018
401039.28,5190
127878.125,5505
238132.56,2886
101264.27,6941
181707.75,2668
184321.36,13831
258048.3,11036
113921.99,13691
210720.02,2007
156623.39,6442
287937.1,10010
223520.69,3259
184638.33,14013
471034.97,2261
186627.14,4110
124435.086,13293
215945.0,14931
148494.62,12293
289246.28,16398
177324.77,7132
172387.8,2780
221639.83,5700
183010.89,8186
121906.14,7031
436444.84,11269
139767.11,632
306119.97,6330
187037.39,10905
214545.48,6313
182846.7,13396
207376.66,13414
148908.6,4270
152582.44,926
75377.34,11452
271422.78,16228
220497.28,1781
164751.3,16492
181563.77,14594
180497.95,4485
248167.4,8306
190412.08,2071
227684.27,9895
214632.36,10544
362010.56,11253
385251.97,15213
145983.16,2990
278760.97,4518
170689.52,2766
241612.31,3275
178783.23,14971
142910.05,14863
199589.56,1352
176908.19,3423
274586.44,13021
144841.25,10489
221228.55,12055
82876.0,13089
275837.34,16275
162528.81,4272
249339.75,3204
319963.28,863
112565.86,3289
225649.38,9557
205269.55,14381
354506.25,15208
257880.17,8030
133446.88,8080
247905.6,9876
230821.17,5571
212756.45,5439
190986.78,10689
189154.03,9919
285399.12,7348
242269.55,11686
323243.56,16643
112540.07,164
311498.25,15912
195580.2,14237
239852.52,7965
169763.34,9778
144321.02,14321
183589.69,10617
165816.06,12007
108933.76,1415
273933.9,12912
258729.78,12062
207700.98,7762
480419.66,4381
167623.0,7986
219610.88,10647
177602.72,13452
277497.88,230
207526.81,9285
434265.0,4221
165058.38,16384
194774.9,14645
205651.27,778
209481.33,6633
119689.984,15137
185545.66,62
415324.75,10606
118654.336,7791
176311.67,4161
248408.28,5553
78599.336,9433
224161.83,7363
211201.42,10162
224876.23,9568
214675.73,9901
157652.12,8047
147505.11,12954
170206.97,12479
407949.97,3357
157885.25,15088
277314.72,163
221675.48,988
286213.94,5877
207074.44,1683
205103.31,5206
192132.27,11155
166025.72,15339
205725.5,1590
190902.33,11100
187784.05,11216
212182.53,1624
202067.58,6113
358368.62,2181
263758.9,1023
138552.38,8673
238484.27,1646
110931.266,11608
180417.02,5988
242218.0,14354
115392.03,6369
214509.31,15936
345096.97,13240
160710.5,3481
239447.48,3479
347166.0,1698
246710.98,13154
178473.22,7802
185701.72,9702
367578.56,12895
183728.42,5728
256418.88,10793
194561.61,13529
204218.81,746
157607.11,2610
182701.22,10932
290909.44,15350
180655.05,15692
181074.0,5484
205566.95,15608
291830.38,5253
293983.2,1686
388515.9,10624
157678.88,267
313527.22,3295
304812.34,9481
298535.97,732
381005.97,10022
288999.75,6135
246654.8,7224
234681.84,14887
218837.27,7382
131702.73,3242
206294.77,3106
193488.83,14678
210844.17,6626
209985.22,6576
204084.22,9008
261183.6,2931
176650.33,10023
156375.94,14964
242121.11,796
117777.63,5169
143532.95,1814
202968.31,7372
169156.31,13672
188374.67,4124
151837.66,1095
95075.586,15950
340885.8,817
124545.67,15779
243767.73,11506
301318.25,8689
248649.0,10077
223348.94,10514
507736.5,2198
191172.64,8005
335100.53,625
159420.55,9420
214028.44,10350
181868.58,14494
322595.84,11615
323525.4,93
224553.48,950
171423.94,3325
138477.72,14459
292120.1,16531
212446.81,11228
213340.2,11761
223220.42,12629
246631.66,10339
120687.95,12203
249292.69,16744
186336.83,2786
137373.53,316
202043.39,11424
139329.19,8021
450584.22,12679
156242.14,1871
202255.38,5767
314981.75,4047
234380.73,16235
241554.52,10604
233114.97,1510
148882.92,854
188361.42,1860
280169.94,1593
170371.31,381
171553.67,10375
258823.39,15149
192559.48,11375
147976.06,3912
310255.62,12097
197750.33,16743
265279.4,146
132371.14,5308
161569.44,4125
399287.44,7671
111562.625,12609
168078.22,4353
193774.45,6287
280438.2,2264
160198.8,3457
142105.9,12935
177685.66,8958
166104.97,4532
210987.3,14857
213297.17,11376
215635.39,13713
232299.92,181
128285.36,10858
306982.25,5160
175026.12,6642
399612.22,9312
210319.78,7736
256808.44,4326
163967.22,1802
187731.28,16115
297071.22,16787
158532.05,7107
142805.61,6902
366468.16,8950
176789.88,9922
271145.38,11453
185292.31,10033
485952.84,12131
309967.06,11879
147495.92,8986
182454.89,82
177647.11,7664
225492.7,11116
184880.6,14096
218095.62,11577
170728.72,1908
184598.08,3658
180885.27,6148
199092.67,1324
299766.38,8792
407423.66,5883
318682.12,15245
112548.516,16382
205893.58,2131
268692.53,7581
412355.7,11488
251399.75,6091
202768.02,7295
175354.94,6427
75873.53,4558
186874.5,14436
216433.25,8373
333702.5,917
382952.34,9837
141425.64,5619
194645.7,4530
193350.48,11486
176695.5,8575
308925.72,3540
225239.5,4509
148274.62,4709
223261.2,10148
222298.34,11077
149659.36,609
185027.52,14733
147191.58,10609
155432.44,3616
260304.73,8805
229105.9,13799
289714.25,5886
133930.06,15836
130383.836,11792
252206.77,9404
200449.3,6456
128413.47,2569
229182.48,16727
176606.73,12353
230178.56,9841
234231.34,2725
244191.45,3388
181432.25,9476
114679.97,13550
225625.58,11934
184638.33,3375
259935.58,2932
222365.77,9972
174184.75,876
213805.83,13649
329483.88,13444
261296.94,12748
189958.9,2003
181131.4,2376
177112.48,15961
258407.77,1221
222446.5,7064
152353.48,7799
303823.06,4549
182644.94,11061
368098.7,2132
182492.69,10692
337599.22,14546
200319.5,11088
283886.16,4819
143271.53,13682
428238.06,7127
168430.56,6245
159576.83,10845
120051.59,3285
206603.17,11384
191426.28,10897
117006.05,8533
245401.48,15341
166409.55,3821
161074.39,14130
408266.47,4306
180649.02,113
192357.48,14997
178520.94,1482
395965.6,14780
247680.7,997
187637.03,7991
161838.11,15592
204122.61,11143
169403.55,12472
328048.97,13991
392606.22,13399
307606.84,2588
353405.88,14274
355746.0,11491
185275.73,4755
169508.77,7939
176912.62,1779
159508.6,11924
205686.94,12713
403646.12,12486
250606.72,13149
212471.61,4847
348355.0,7638
329361.97,15228
206476.34,10069
322270.28,2219
280042.62,956
128674.23,13680
180279.1,106
124748.93,13101
277991.25,7540
309192.2,16138
270537.16,4890
255287.75,13752
173633.1,14622
185815.58,7871
262160.9,3957
240380.97,9987
178792.36,8884
251230.66,11715
204907.42,10612
212627.42,12945
198152.02,5034
349496.44,4463
202716.12,3476
237086.25,4846
185617.0,2372
218738.38,2873
206277.78,512
203565.64,16198
442995.12,9155
105814.5,16464
186230.61,6904
177193.66,3151
161679.95,1816
401120.6,16214
307841.16,6264
194936.06,254
143450.36,5848
171482.72,4357
149155.02,14265
179867.66,12235
116277.04,11342
271791.3,6679
211460.8,5377
154704.31,7636
163486.97,12798
219397.34,16349
135658.1,3028
313234.75,12810
147650.28,15064
122818.78,13801
226862.45,13387
251228.61,371
132658.69,1161
171559.6,14593
188708.72,12144
404847.78,5555
165897.56,13493
240064.14,11130
137898.88,8658
223968.1,6491
179519.34,303
197556.78,1897
105743.26,9583
146316.58,4515
159934.34,1411
118582.484,8534
229074.11,7227
167208.81,13478
279034.34,7546
94613.89,2798
362198.25,10267
126707.38,4519
214952.75,12184
289901.28,1895
336292.16,13019
242947.9,8845
299544.5,1929
149520.1,1966
92173.79,5268
152588.23,11402
190180.69,13503
155370.5,14413
148693.12,15419
148437.03,11573
159265.69,270
175232.28,9733
209358.3,2729
193809.64,10123
226864.27,9331
136234.44,4342
299811.06,4248
195034.44,446
192091.88,6677
244457.56,8324
471692.62,9666
170596.11,7303
348123.53,2710
166128.03,3334
361265.72,11464
367566.88,12220
161985.66,14064
182948.3,14350
251591.19,2858
342181.97,13014
174061.61,13732
335753.28,3371
250476.52,5912
171560.23,5881
297369.38,6199
184658.62,7344
184450.55,6180
284174.88,3343
184701.6,12103
163947.02,5177
197264.23,7000
205762.48,3990
132334.03,11689
185153.2,5624
99081.51,7497
147101.31,618
204674.56,6909
155707.19,3346
160156.4,12521
337664.0,11871
174985.28,10610
147313.23,14869
120799.87,2268
149784.88,12058
180876.73,12426
160992.05,10662
122341.58,12512
205385.83,14852
151621.73,10876
173383.94,7720
77553.89,4334
261319.02,12275
579880.9,12228
209640.38,3715
245604.44,9534
154763.48,2333
147026.03,15628
182510.14,5043
436785.9,16704
219500.39,2891
174619.5,14478
174539.0,4429
141498.1,5929
156374.72,1845
169653.72,3001
156942.3,6741
149677.78,2202
196446.06,15490
223233.73,3752
225905.77,4620
217212.53,12795
130235.64,2662
185845.95,12845
234679.62,5604
159707.39,4861
271237.44,8100
206163.42,15990
141073.88,6561
128098.87,14107
121622.19,6274
123766.67,4428
203230.97,3184
239807.11,9247
185280.17,15016
200253.47,6009
189761.27,3190
155398.33,3386
183351.25,11984
172043.19,16215
248833.42,5506
188945.03,10016
284625.2,15394
275623.38,15724
151066.64,9409
169237.34,12634
206922.77,14316
179047.86,8675
157469.39,15231
175672.14,3236
221257.03,10087
160507.11,5018
163643.06,2728
192271.48,8092
196129.47,10698
160895.98,5859
89763.555,4198
182104.02,861
388919.9,7990
191022.34,4009
151005.73,10964
276918.03,2114
205648.19,1139
195515.27,13921
123654.22,15030
127934.5,2122
261829.11,1602
459977.7,15032
121166.56,5694
170607.6,14026
181911.83,1132
319906.2,15469
176736.95,10223
271357.28,3303
274844.4,12655
140286.25,16151
177149.89,14649
168281.62,9533
161368.6,2229
266389.2,7652
207373.77,14523
192822.47,12991
174748.86,4539
145745.14,395
285587.44,4853
180703.44,12082
267252.22,1406
190602.53,7788
143487.84,2143
127066.39,11089
169652.55,16693
147196.62,14701
182940.14,13689
226824.75,4262
223509.64,1046
351100.16,12001
198718.36,10729
264877.84,11822
300190.5,9132
217001.03,14150
165110.8,15217
183247.92,4752
173088.95,5875
257143.81,7873
155392.92,16046
234707.67,321
262686.3,15077
268351.5,9148
257795.95,10272
170482.27,9490
200321.08,5856
163412.8,2436
194657.72,526
133905.61,9067
335991.0,1166
201090.45,13029
367768.66,8264
293865.44,13499
227966.08,14681
287704.06,10625
250438.31,13668
236836.02,4126
170936.19,1527
210539.95,12829
132133.64,6074
184662.9,16629
348127.16,3231
142431.03,6218
224949.42,15050
238581.17,16053
151403.36,16745
73584.72,11336
169196.55,1318
153180.12,7424
155416.3,8102
186239.58,5468
287765.72,9942
205200.17,1001
275137.44,6010
192973.83,7766
184022.8,10266
385470.62,3139
192107.72,4759
203875.1,6760
246569.81,5682
237264.55,1648
170803.48,10363
131645.1,7551
146501.14,12901
263068.22,7938
414143.5,15709
225815.5,9663
203999.5,14868
296656.94,7617
415334.9,5755
535885.0,11519
166555.6,6954
341630.94,7463
226227.89,138
225691.44,1499
176320.98,14579
175593.55,30
356866.62,6991
157735.2,16283
440145.97,15305
279598.53,12736
186291.28,1506
170093.78,4302
227045.8,8170
188850.9,14230
274327.62,14438
164098.89,15974
186457.47,3263
187623.06,11227
129131.28,9355
181981.33,326
145462.81,13155
315685.03,13238
271296.88,2785
184908.81,7047
236228.92,4222
107974.93,14734
125452.1,4224
141032.44,11259
125226.69,6174
194445.62,14057
170293.75,5181
238535.64,5926
197786.98,193
160738.06,12528
340813.06,5128
213034.25,13462
156485.33,5845
220060.56,6872
224024.62,8821
168719.3,5106
285765.2,8164
232167.58,5679
158635.84,2985
192354.69,2106
353307.12,12494
171431.36,15150
202482.8,187
212105.33,15095
186668.42,15289
181432.17,497
135535.72,10048
144753.5,15012
175935.05,11229
177178.14,15927
179101.72,12092
217732.77,11174
171958.4,13967
196948.83,6693
300648.56,92
130672.36,13961
405182.9,16220
203330.64,13333
168954.48,7730
160311.9,15250
197664.88,16392
180939.05,14544
209781.03,7261
219473.86,16105
143425.12,2984
235644.17,3162
173177.52,2260
401354.75,7004
187439.14,452
326580.44,7828
205115.27,626
250965.31,4583
120585.57,3725
206412.34,5894
184097.55,3316
171855.19,6887
260720.81,2492
196359.53,9133
280507.06,15655
210447.05,12639
126585.44,3848
199139.05,11820
203357.75,15254
95189.055,10750
326688.53,1156
175637.92,2910
290839.0,8591
221574.3,14247
159629.16,1425
166043.77,16660
234214.4,1837
181547.62,6461
195059.23,2580
146007.33,1052
256290.7,577
256391.33,2825
367412.5,2746
294691.56,2291
254800.48,10962
213577.69,8547
191472.33,10019
343510.22,756
384313.0,1709
353818.38,9076
183910.4,3211
151325.67,2535
290369.06,10943
176668.08,4830
143039.9,9928
217376.69,16143
238580.44,16784
228373.2,16434
168315.33,436
286599.2,1226
345078.38,1259
114835.24,15299
152856.95,4343
180445.53,14661
186728.81,1988
173335.12,10173
190901.55,11746
165753.73,8412
151242.48,9281
167348.28,6246
196112.95,5440
215978.83,15301
207493.27,1223
292496.4,2714
99928.48,3077
206256.12,5549
284399.47,16626
162853.64,382
86536.69,5635
212167.45,186
127878.125,4839
253822.02,433
120362.125,7210
263580.94,15243
229649.53,9993
126428.414,7529
179971.5,14506
192690.22,5807
248586.02,2373
91174.88,13618
168782.08,9908
206103.72,5404
181871.22,11023
199922.28,9678
222344.64,6160
141955.05,4181
172516.31,4230
165300.75,13858
299798.94,15871
390952.03,7564
476242.34,14463
225929.05,15115
155093.72,7533
162068.06,9862
325145.03,5708
192404.3,272
213628.73,4612
184067.39,13336
183910.28,13944
209508.81,3517
265931.4,422
163576.45,12769
271449.25,16079
235350.19,4398
110201.945,8250
184702.58,8900
214830.31,10819
158286.03,10551
341342.6,3418
159063.05,3889
195581.72,1186
355710.34,15227
464790.34,13432
335932.6,10654
174467.72,7306
265582.4,16325
245436.89,7510
129058.82,7237
365369.94,11812
173934.6,7823
236086.17,10691
77531.92,12699
206197.45,914
213951.83,12160
242025.28,4600
151726.19,5649
191494.03,4896
223320.03,800
182671.88,10111
196673.97,3690
324080.03,10150
143914.42,8099
198167.3,9526
392946.5,7301
101011.234,655
358052.6,6187
207958.34,839
163719.06,10505
121820.57,3830
151396.58,11301
189141.39,11895
119711.87,3102
127579.83,12351
414790.5,15378
277627.1,9593
150625.0,5302
431571.22,7585
195869.11,6785
241612.72,3611
152435.42,15888
224384.33,13152
189207.47,6208
151465.39,13734
325223.84,9212
236594.77,6098
233628.33,12314
202085.33,8848
171576.73,8951
205803.84,13572
279095.97,15907
210844.17,12325
324138.16,14000
170995.81,9515
253744.36,4514
414687.9,11968
204981.02,12452
286680.97,2163
180127.08,14538
190166.9,11324
158053.88,10441
166530.83,1952
165733.86,11680
280165.75,16190
403106.06,7649
141867.12,5839
153347.8,4659
374245.12,2273
153344.14,1829
258629.42,3776
155347.5,6607
130621.13,10395
321326.34,10667
217979.08,10950
149530.53,6339
357881.88,12038
185262.5,16128
293967.8,9406
184815.23,13386
202286.1,13063
155347.5,7319
150020.23,11475
187724.0,4109
172690.66,466
132347.33,7169
177977.1,450
275923.9,509
234660.28,14114
155174.12,10865
186053.83,3497
199908.27,9089
186298.3,13675
213774.86,6672
274606.97,5464
187020.44,16267
463112.88,6372
235463.47,4499
181915.78,16547
369289.34,11454
381940.66,16645
197245.02,9569
276117.5,3279
276968.97,12042
178685.81,2547
258987.95,16013
197653.25,12929
240193.36,12343
199160.7,10359
191975.05,12543
400076.5,14928
223021.28,11319
221895.42,14724
228697.77,2850
320093.84,10775
184845.83,8462
229867.75,4724
184410.11,6723
225241.64,14180
439035.25,5593
420999.62,9151
490345.78,8697
529814.6,10758
214067.42,4276
325716.25,13655
237234.33,13674
125862.5,10057
159476.36,10732
158344.6,160
196561.75,7451
294085.28,3512
175010.38,3925
138856.9,14897
211916.08,15963
95668.625,13805
144621.14,6894
167280.64,14327
139055.56,11838
166975.78,12255
182046.94,6587
159885.17,6923
156997.25,8885
129730.664,10486
464161.6,4722
215756.2,14740
156455.3,4754
161819.83,8674
173291.52,13252
160233.28,1905
205439.94,8585
183367.81,11503
208061.27,8979
278667.22,3879
182992.98,5165
204287.2,4200
145451.31,15206
180724.48,927
192040.83,13132
266117.47,8640
206093.36,14157
383379.56,2991
222636.27,15401
183096.22,16356
116068.47,10857
158663.02,5651
201200.27,14405
370059.6,9176
154964.28,16326
179820.89,10397
182544.42,14371
140537.9,10577
253036.19,10605
180953.3,8441
112587.43,9546
248951.73,15433
180830.16,14106
199380.4,13791
251654.19,123
191773.92,6786
142830.34,4618
179871.06,6750
166721.66,2188
220006.31,4729
143532.95,11082
289866.88,947
181635.3,1066
303566.62,13916
294674.2,13134
153227.58,15755
249630.58,14683
175410.39,5590
274035.16,11704
186439.67,11544
159840.9,9457
240750.61,336
278479.1,8667
452366.4,9989
98953.695,3786
440076.34,1467
253388.25,15239
253253.92,6380
428944.75,15200
332653.34,10378
208833.97,9867
214976.83,12443
329102.12,15298
180697.02,9136
274151.62,6713
201722.84,15472
199894.98,4064
266855.53,13576
374220.84,10634
123766.67,13257
265854.88,14535
433735.97,13262
135579.34,13852
185440.3,3238
202452.52,2029
258402.5,1542
175229.6,5796
200924.52,6273
99309.89,8207
163436.61,13913
107923.95,14113
148533.1,11094
381829.03,3598
172036.16,11881
265849.88,4186
295218.78,105
176930.7,12712
200166.33,10699
112634.555,1522
187390.62,6406
285500.88,2600
234841.05,12800
154949.05,14794
172342.3,832
218905.19,11005
227993.66,1329
120054.94,9621
197305.42,3543
204849.66,1234
342020.62,14715
272957.7,13218
112783.48,12522
198069.83,15168
175622.66,3344
160652.25,7989
305453.88,13592
117096.89,2349
87120.91,87
158570.02,3648
175433.9,15383
164716.69,4245
342034.0,3037
227547.34,4963
204058.56,12513
418997.22,11906
230976.0,6321
178453.16,15889
204149.1,16390
239807.28,11080
108763.125,4201
189544.05,3696
323760.47,15188
308778.62,1475
397840.72,15248
203994.25,5836
343634.6,621
124566.664,15618
470910.84,11070
260445.42,5126
256958.47,3191
242529.31,4786
263655.34,6620
183962.78,9169
206602.02,15908
142963.45,5512
187780.06,16496
328869.78,4052
196984.62,1158
154439.62,5860
185423.06,907
275373.78,10880
326825.8,2406
206661.61,16135
236709.38,16655
167701.08,15009
152331.38,9075
249053.4,15211
178764.19,11972
172349.48,7343
232665.38,10693
148912.88,16611
127523.555,11189
203256.19,14873
222453.45,2863
119291.02,1616
141503.47,6932
142784.86,10136
195848.33,430
219484.11,2978
173053.34,9667
138343.5,1215
138351.61,8651
137658.42,11529
178817.78,14115
118932.0,13842
194178.55,12668
196488.03,11298
200575.84,14801
268741.53,12346
188253.92,7741
177217.02,9160
212657.27,4285
246020.86,1738
188715.69,16527
96205.11,11797
133091.33,11537
148533.11,11661
288880.3,16296
170719.52,9835
191906.22,11551
435278.0,7868
148844.89,6828
162179.75,4870
199288.39,14037
231421.36,10255
139038.69,13980
177319.28,12720
132468.66,4391
161534.78,15559
299713.12,11971
207268.0,1294
210948.77,4639
240063.62,10815
273398.2,12270
293146.16,9322
140580.66,14633
181922.02,3733
166018.92,9311
270032.66,14855
160447.44,13819
328996.25,912
135195.48,13565
219994.53,5546
239963.23,14337
172007.22,5902
195938.97,3939
166156.05,12958
165776.69,6810
314932.34,6464
231114.58,15753
203951.23,8295
143077.3,4190
194751.75,13160
325449.9,11609
149617.0,6477
174208.22,7833
239807.28,8088
202583.61,7090
204702.83,4818
292298.88,3010
251268.61,2954
184673.31,16552
210135.98,563
275084.4,13208
120602.37,12886
148966.4,9235
241761.69,2397
224394.95,3059
190004.53,8245
195575.25,11636
227287.55,694
140143.28,7222
349155.16,13986
109766.24,6083
165676.8,9782
239205.94,13060
278953.56,6144
213566.77,15637
406876.8,987
288034.75,10696
143170.08,5319
264018.88,16119
139919.53,8198
211082.67,14721
213164.1,4704
381065.72,8806
148065.19,14764
128416.64,14233
279535.2,14252
123390.05,9139
296857.97,9297
249626.61,8288
312379.97,4879
183869.78,6384
194756.03,7438
239119.0,116
154054.14,364
152008.7,2690
405825.72,2193
191712.7,1228
227928.19,7607
149814.14,6378
199843.94,16520
231983.69,7737
137532.56,15652
162473.52,15578
128350.96,10823
121458.51,11027
199515.34,7076
250477.45,6451
148773.44,15589
164088.62,9532
213141.31,4148
307802.88,1222
160761.3,8066
150349.78,2227
350785.4,8814
183176.48,7121
116149.516,8265
171958.4,2848
168930.05,7971
243219.39,15812
203139.4,2238
226685.06,11569
159748.7,13631
185683.62,13209
207029.45,5448
377637.9,5974
177867.44,10379
177821.0,13829
460867.53,7552
179502.39,11205
185140.23,12787
435899.72,12773
298633.1,1501
199758.62,3650
180419.14,14850
109333.93,8174
186706.55,5565
172197.67,11832
159002.98,15866
112268.43,8742
163651.75,5271
244084.73,11697
183058.11,13516
243708.72,6408
204824.95,15545
124038.55,11148
226896.67,1585
173946.58,4609
390052.03,3174
238500.39,13784
141493.66,7889
298698.22,9385
337694.94,4058
202268.73,6783
143111.4,14676
143436.72,3284
174166.02,4988
196734.25,13369
279980.78,10107
137933.5,11456
436948.7,5837
176424.6,2637
389570.47,10785
326053.62,109
76379.12,5968
162220.42,976
147121.75,882
158619.52,624
302579.8,11904
112994.484,15314
107447.17,6579
158571.03,9199
146002.1,12611
216845.23,2898
212241.42,8461
196088.0,15020
150264.6,5652
188191.47,14262
381301.47,10156
166474.97,4461
366197.6,16666
168348.25,15818
216582.9,4940
176387.14,9403
277697.0,13638
261094.77,6918
217611.66,16307
105966.39,4133
340968.66,12316
210199.92,1655
202819.77,9398
231499.36,4271
263709.47,7584
453474.03,16502
185540.45,7732
354440.16,14812
255801.72,5083
260101.48,4385
189246.62,4024
124601.266,5925
268409.38,5603
251328.67,9172
240706.06,9485
169870.7,337
172956.64,9767
221014.19,8228
180365.1,14346
168172.06,8946
283488.16,11285
336221.22,10588
204498.11,16737
354208.88,2262
194346.44,12102
154502.61,9851
228623.5,941
259583.14,10571
229999.7,11487
449260.66,12137
147093.88,10549
136050.78,11359
179894.62,7724
118272.55,6877
121135.16,12946
342355.06,10555
135532.19,2733
205535.33,734
141694.38,4572
349021.97,9888
236010.55,5547
147156.64,9473
275350.75,10427
222935.4,12081
362369.7,10888
196964.86,4834
133340.77,7141
156740.47,3282
405696.12,10028
151748.77,13941
157247.94,3897
151818.97,3838
136530.11,15315
337795.5,4623
197032.22,1119
197817.86,6031
130534.27,8516
158340.17,9415
91903.32,10798
130332.48,13666
384642.16,11068
170294.62,1489
253702.16,9467
287810.22,1946
134378.23,6511
177685.66,306
320131.94,2837
170493.9,9949
265564.53,12571
215693.34,9991
192757.66,10974
246151.8,5102
142644.45,15565
196473.44,8320
234143.89,4205
223630.25,14341
345749.7,12738
138250.3,7959
286922.3,15526
179785.0,9391
143170.08,13904
176783.25,5423
186053.75,7852
90753.69,16525
269516.34,3823
188213.22,1858
281012.3,8638
184221.89,5777
166311.2,10277
267520.66,8002
204444.17,11877
196518.73,3964
321912.4,16783
185416.56,9896
154916.77,1733
269670.22,12470
292630.34,12569
161883.23,744
198882.75,13608
230441.89,3980
161510.08,13468
300551.62,15482
149980.64,4135
471459.56,8982
220970.6,1928
157881.84,12408
77635.33,2316
157749.61,3340
124186.195,7512
233637.47,10170
120503.95,2558
163141.9,16236
95758.71,9115
425332.84,11183
268796.97,6603
387338.25,8548
196160.44,13883
274984.56,10766
294132.22,9575
174485.73,12048
199975.6,928
241096.34,3068
182933.17,7603
164410.56,12725
159964.84,14089
170072.48,13055
183051.1,16602
260560.86,2797
114262.01,7467
181457.89,651
248955.66,16374
162746.7,16544
182903.69,3098
188574.17,3015
212078.89,13224
180152.3,11299
128405.02,14583
147385.55,4033
238074.2,12076
175473.4,15017
263891.5,13881
185701.72,13000
223361.23,676
462742.38,6331
220062.0,7681
297604.78,1435
226441.0,2966
280153.03,5825
426164.25,5422
174189.44,1663
147307.9,15561
258265.22,10062
180714.28,6476
184343.1,1957
183711.28,10795
112588.53,16197
225123.34,14421
187003.48,12994
169830.53,3493
159794.9,11545
150476.11,6726
199873.95,9513
133219.44,12556
162394.11,9553
350376.38,3734
241240.39,3109
187830.47,16319
219769.81,5959
236522.94,6683
158802.45,9438
243174.94,15857
283587.0,2421
223127.42,11540
206080.84,264
232943.14,16561
267937.38,12288
208579.61,9570
164221.33,5936
118212.33,11390
170906.05,6551
216357.05,3946
219451.53,7746
162901.19,2838
207004.34,2472
190088.48,3520
339320.28,1341
411193.2,3910
156324.83,5208
172805.16,12599
238833.89,2475
185250.22,10966
232100.77,5910
195114.8,11910
98081.19,16221
155998.62,10591
222059.08,3744
387306.25,6618
446973.03,8676
188950.22,11193
241231.73,12659
182236.53,14101
164634.58,14483
269919.66,8107
171000.06,10681
223853.73,10126
242115.08,4527
224815.0,16537
206422.66,15403
363365.34,11124
163653.03,7468
170497.89,3172
155234.5,15847
395340.22,8211
240164.62,9459
262684.4,5903
176469.5,7232
181663.31,3180
394254.88,7147
163340.5,10105
125817.53,7338
228901.67,2446
126016.984,6466
147264.11,5782
115217.64,6526
221844.98,14982
270291.6,14639
219571.17,16052
158749.94,12587
76514.63,13192
304529.75,9342
140701.34,6052
187390.19,7987
329969.34,12165
323645.3,15151
166482.95,16728
219805.69,12735
169917.61,939
157902.47,10983
137466.98,1385
186681.7,1892
137204.9,8352
188035.42,79
174883.42,7171
220070.66,6194
169165.23,6973
177869.5,13786
280290.34,2578
173517.38,11344
240496.55,14536
201410.25,13518
305120.66,15855
236977.75,4387
231974.9,1596
369420.0,4699
382785.22,4559
256540.4,6613
129986.76,7489
163028.97,2127
410826.9,16668
113857.914,5919
176225.75,7696
233701.84,12287
257337.25,1053
235946.3,7924
262075.55,16365
417164.6,13988
224528.83,7415
148639.72,6661
184188.56,14496
144530.83,15112
164629.11,16444
220922.56,8992
392876.25,11054
141873.02,3570
76660.58,11016
149125.02,10455
217148.55,10478
184428.78,7751
408257.66,7913
192450.75,4883
399235.0,12728
186356.6,11482
155671.95,12561
237979.33,2207
144942.89,11946
273098.72,10552
144575.48,14673
162136.67,6914
105472.56,15988
178718.61,3878
188008.9,13937
208157.44,11208
109425.93,3466
170488.08,2799
255472.78,13802
139232.86,15790
297105.97,845
206879.9,13261
202651.0,9986
284490.8,4771
322780.88,11763
447402.28,13249
230734.55,15982
166727.12,5295
266233.28,2828
215552.94,12717
151588.25,14541
142895.92,12898
392017.88,15190
268151.1,13553
189816.31,11589
208419.14,13168
185280.0,14224
224987.53,11844
140328.23,14578
234141.94,6770
132371.14,1003
162257.02,6716
357503.75,6204
310653.72,10213
202406.31,2961
179586.2,14134
177931.11,9134
326701.1,9906
216121.25,12114
175499.84,12706
230743.64,192
202411.3,11022
314613.8,14712
518288.94,2659
206277.78,7602
135607.62,3009
298514.22,4533
170997.42,5620
148998.81,12312
177024.81,10896
165165.5,7532
442262.72,5696
336693.2,10743
161859.62,16708
177509.52,5430
192762.72,4362
175104.81,15599
143172.48,8197
93713.7,8502
120673.61,554
173328.02,16301
375766.38,6206
189927.19,10523
205401.52,7221
169562.1,5906
187718.42,6724
197852.05,9167
218161.83,10380
145826.25,6209
133698.67,14298
185769.16,6854
181385.33,15218
179004.34,5081
217418.27,14572
212997.5,7743
225025.7,11071
177156.66,10673
269424.38,16276
214875.5,2840
425669.75,14414
238951.56,15739
158357.03,4743
344800.3,3156
173213.08,14879
138263.16,758
182729.05,14304
329243.56,1210
152544.25,1137
189835.94,6026
169286.53,841
167255.06,3993
299340.97,16554
150037.06,27
204290.22,13015
153276.5,9428
171020.06,6885
175056.5,2410
264525.03,743
319974.8,9361
196712.23,14016
364550.7,5040
151721.02,14255
216331.16,291
186794.11,3937
233957.55,13374
210218.44,14948
112875.914,37
288805.03,8226
153504.66,9547
272714.9,1000
148298.38,12406
222633.9,8314
152816.22,960
240291.98,31
145910.62,5905
410536.5,15833
247927.72,8146
148108.97,16718
184668.95,2231
203707.22,11286
146868.38,8275
515091.5,16706
111758.07,6594
291363.4,15521
232288.28,1131
174433.61,9595
266507.4,8354
119039.234,15777
267719.84,2330
336878.34,13382
92856.46,16721
173919.33,11393
208730.48,7009
146740.7,1474
156502.83,5816
218681.33,16032
274064.97,3422
170451.78,7231
161517.95,1565
147269.08,10574
173864.1,1107
162923.89,1458
402762.1,12716
172402.05,14039
282755.75,7099
268062.28,4498
129921.36,16394
169357.98,8760
146788.72,5016
82136.79,1097
177476.44,5433
185934.67,7847
386369.3,2903
226799.77,15929
422268.9,9066
228259.75,16152
311369.72,12383
251574.42,7591
131546.27,15435
265371.7,1556
257203.75,10644
177556.27,5333
219129.48,4266
237514.97,7946
183150.0,15594
214748.94,12127
466890.03,7697
181283.31,10020
219780.77,8999
175254.45,15708
233185.52,510
130439.766,7239
377504.03,414
175163.48,9095
186350.53,6136
208927.84,12482
131869.92,1254
217025.05,12989
364928.0,2923
125620.625,13845
169843.53,11169
417672.34,3031
279333.1,12704
182130.22,3430
111777.3,4483
138491.23,1438
147382.11,7790
185540.45,10260
168452.02,8340
146228.5,11099
163095.61,4392
204235.56,1551
287087.2,6566
142558.72,12689
189219.53,16117
400526.84,2800
251146.17,7779
178727.03,4546
214399.14,16734
161576.5,2506
175809.39,12457
184446.0,14626
185432.81,9816
151026.44,5055
171180.84,13894
188883.33,2676
245309.67,13860
188639.64,3029
227013.34,5048
167123.45,12857
146995.39,15813
154948.5,9973
297498.06,6664
251340.72,2764
127464.12,10746
227367.44,1068
247504.44,6797
135796.67,384
83718.04,16012
269362.84,10891
125567.08,1110
369742.66,10284
180187.39,15508
70296.586,6000
231344.62,15275
127110.99,5312
155227.89,391
172482.44,10154
188264.98,7256
178450.31,7947
141901.45,4097
425606.03,1526
254007.56,16261
155155.89,8470
218100.72,3270
293758.22,11212
197041.03,1261
125777.414,13456
205106.27,3862
199402.95,13241
234569.48,8526
262462.56,5013
354992.12,10205
244015.56,1346
228211.83,12977
158880.47,10073
196637.62,9623
190637.2,10590
251225.16,2773
260918.3,4444
187150.53,442
205247.9,8376
174765.88,13461
169952.06,13229
189884.02,8718
180895.48,12847
228237.95,12117
140373.17,14510
277559.62,9254
231768.72,16290
221188.55,3936
182571.33,12526
272255.66,7302
206317.36,3268
230939.17,13230
205775.6,12695
268100.6,14761
237082.83,15771
265486.75,12598
157818.94,15357
106643.35,9874
205195.02,7582
300980.84,16604
154557.72,2023
179867.66,13932
96567.586,13300
202397.38,14040
136922.81,12612
301524.94,14843
163105.89,5242
145544.3,1343
189543.12,14576
125845.43,6257
162165.17,25
253034.56,11043
95702.664,5047
230302.69,16080
206710.23,2161
231519.73,2444
250303.53,5459
139345.1,9033
225460.92,11539
201503.78,14256
305626.53,9219
301636.28,13840
198781.86,4848
159093.94,227
214197.2,6238
176900.45,15530
154332.06,594
108355.57,14505
252367.08,11748
152516.86,13771
206232.12,5778
119043.83,9820
204365.27,14066
211994.14,8498
239349.11,6058
201958.53,13661
179929.28,7992
106534.25,10264
182046.52,6924
167459.4,9183
223836.25,13325
78065.445,10467
230019.98,998
195846.1,3700
244146.53,5094
141501.92,11643
194711.47,8496
115368.22,16487
261678.55,7810
169520.28,15418
215622.02,16355
174841.56,3194
217453.72,9278
148963.9,2707
402387.3,5688
204911.1,7883
312420.25,5250
230768.56,12794
306601.47,15958
218669.06,68
181668.77,9505
191082.23,4162
152364.84,14730
372312.5,14671
250970.33,13981
246421.69,4445
170176.22,15067
223095.34,444
207178.17,1613
475982.0,8509
128863.99,877
274588.38,5170
343045.66,9846
173406.67,5915
236759.89,12459
207842.97,11318
228651.16,16009
301625.0,14466
185608.45,7896
145492.19,11280
292120.22,15529
416871.6,3859
153583.8,16193
137395.55,8796
178211.95,13010
140121.38,8672
127028.016,16756
328919.3,6929
248800.23,6288
194654.7,2842
501422.94,13446
153323.11,10235
207562.73,7654
230992.16,15967
184568.64,8048
301260.53,4253
247263.8,8004
272299.12,1397
341377.3,4799
155625.11,8558
262486.1,6060
180770.97,5608
241025.38,10515
259474.61,8931
237592.31,2396
158321.17,4022
242628.66,12471
204951.84,1711
186407.19,11430
182963.75,9829
202748.53,4425
362198.6,9803
304051.6,4651
299568.4,2189
290422.9,6368
192062.2,6568
78466.17,13827
398234.56,4375
194745.83,5622
120949.664,10559
412222.06,10985
319857.03,159
206093.36,9038
388658.47,9382
227500.61,11998
283536.22,5184
150629.06,10542
78776.06,3537
148457.66,13475
316334.0,15536
290025.03,6948
248848.11,2888
217505.67,2830
184007.64,12064
240372.5,8922
187666.44,16427
108253.91,14051
362732.5,3251
164305.0,14202
138563.9,13756
137675.25,1421
202599.6,14187
229365.53,10166
105474.34,4923
210602.12,11570
189399.78,9844
162143.39,918
275154.2,8919
155910.03,8818
183762.78,2949
128498.23,2423
166573.27,15361
102869.78,13254
252697.23,9692
291778.97,7271
239752.53,2017
151805.17,4036
216897.58,11373
270615.97,13377
186567.94,9977
169656.14,7410
229890.27,11817
180300.61,2573
211800.4,6543
207466.36,8819
115423.1,312
198639.61,14517
251174.81,15090
190948.55,10789
188585.58,1910
204489.66,14652
235861.78,13121
243161.7,5125
211863.22,1959
284395.8,12034
126759.984,15595
157731.77,6153
218836.69,4053
289494.38,10877
192825.62,4529
209701.75,10158
203059.31,9236
319972.34,5299
210444.69,13059
259518.55,11152
383745.5,11914
345379.66,2442
177486.23,7044
186741.06,5893
119471.88,5035
286381.2,979
170719.52,3409
234936.94,6675
266750.22,11650
132680.98,5611
158443.95,5956
219553.55,16435
164283.42,14599
190405.33,4215
151230.42,8873
257101.17,14918
150643.08,10011
219549.33,11446
172263.6,1535
228604.05,14241
212963.47,9543
189462.55,10979
330705.28,14215
196183.62,12365
189416.94,6681
193043.33,2924
266780.03,6445
203917.8,12032
180195.05,10702
177006.4,2974
174527.56,3877
182217.12,15147
245303.81,15984
428227.1,2324
289008.25,7499
369719.94,3801
258406.84,4284
188823.39,9329
349418.03,3120
135318.83,2531
117045.68,13762
172354.45,3691
186113.03,8058
167153.39,4897
202283.42,14925
147051.02,4330
182796.23,5453
184693.42,6559
352698.34,425
173447.23,14024
160431.86,10413
185048.67,15294
292244.34,2821
120245.9,11509
174615.83,9074
321470.06,16091
192580.6,3642
194616.8,16124
158254.0,16449
170780.25,8684
292589.72,2392
227833.34,12234
121446.49,14199
285858.0,834
186741.06,1484
145415.8,15653
168374.33,11663
457865.06,15397
200641.64,11385
171958.4,10151
136657.6,13263
245274.1,4505
149214.62,1851
142461.5,15471
227558.52,6560
377181.28,4007
219959.67,10251
170788.12,265
185578.36,14770
218077.08,1353
223465.67,16335
181647.52,10859
203741.9,641
209939.23,11985
183384.53,8076
202293.23,14160
291161.84,12506
203917.8,8809
167574.78,6957
129981.38,4478
206526.83,4749
181964.31,12322
158784.4,13910
201458.06,8252
263699.88,2431
118340.836,12670
172586.42,7537
509323.2,4637
168805.8,2538
215870.78,15290
329515.7,16072
128195.9,16740
180036.39,6078
172557.61,16723
241050.8,3847
98599.945,5999
225696.75,7678
150826.77,4862
144680.53,12468
347794.88,13409
226399.39,12380
129417.805,8962
263638.88,11004
166196.6,792
225222.95,5687
147496.39,3906
123230.22,13554
122750.69,5863
141498.1,13459
268893.47,12378
136876.38,9935
179530.22,5674
240419.27,4535
405929.72,12310
162337.3,7048
299969.6,1143
178628.0,16085
165122.38,5358
231276.8,7100
166955.97,10384
197608.61,5006
166144.12,7371
165417.92,4720
302311.94,7577
193959.66,15196
315875.75,8467
146590.9,5251
147340.25,9220
180330.58,2151
252745.06,8081
170197.12,15824
301878.66,10545
362095.4,13403
77553.89,1559
173535.84,16795
176946.66,6293
202030.84,16024
171738.52,12167
125844.086,3078
214619.34,6736
356556.72,12124
310165.9,6489
232431.78,2778
170959.97,13074
148255.81,4075
241969.84,15195
141810.66,3160
236672.98,1272
239649.8,14776
281896.97,8497
199471.5,4
347055.9,15732
475944.16,9111
179257.12,10748
192011.45,8944
155523.67,1906
113932.44,11283
128914.01,14269
186766.97,16232
318935.94,1839
271819.44,7894
172693.05,5703
298741.6,1347
72462.38,4849
145918.36,5618
256289.08,9672
151216.27,2638
357963.28,1962
228265.88,11717
353332.2,13358
78357.195,8258
186218.86,8822
183600.2,2927
302885.56,14741
149237.27,8216
124515.46,12317
241223.39,13133
187339.56,1286
137851.58,13116
128198.664,9198
189963.1,13679
158160.33,13877
127464.42,5946
205195.02,7428
320977.16,1073
225770.0,13970
185540.45,8466
179754.67,13135
187367.25,1778
201939.12,195
125068.05,8973
167563.47,10674
135619.39,12350
138929.84,10295
299632.34,7251
198316.8,9245
136266.3,9126
213209.9,7740
173123.88,8956
171378.84,13686
167194.36,2864
139747.45,7110
233168.31,11331
177866.9,16637
252942.38,4580
365092.1,8909
217904.52,11932
183386.98,5243
299442.84,13419
265633.34,3459
444904.56,7053
291009.6,14691
190777.6,12535
355969.66,560
243374.22,7514
174086.34,5305
256860.81,11231
126919.43,8803
165980.94,9791
172455.1,130
436132.38,5874
176115.66,1440
183146.89,6474
192119.22,12168
272756.44,13187
205993.12,9831
209272.17,15943
143841.14,15846
205775.6,1402
222986.75,4968
189634.02,5131
113017.62,15580
228714.9,10869
192020.8,4679
148345.22,13908
237641.38,13489
117624.36,16352
177166.94,5691
269113.56,8780
327014.78,11933
399385.1,4136
173093.06,12873
206393.39,13330
141578.95,797
470562.56,6450
168533.77,10056
162944.25,1050
176579.58,1202
119930.51,6680
181999.52,174
138537.03,6337
156107.28,6704
135805.17,266
117122.68,9195
120438.586,14668
232177.58,9315
278494.03,469
201888.55,8852
238758.14,10907
323415.75,5287
259351.47,4548
198108.14,9637
176032.39,11010
172315.55,9564
112085.234,2681
164754.19,6776
179074.66,8311
196095.25,6580
169492.72,14417
191758.11,3892
174498.88,4929
268578.38,7340
177429.1,13225
110972.836,5581
126304.94,8015
146053.97,13567
194423.19,10596
157829.58,11291
241578.58,10901
269325.0,9349
238354.61,4030
187116.14,8357
171019.42,829
291027.72,5529
215405.4,4134
199983.45,4867
209224.16,903
183112.52,3701
110387.03,12916
209915.02,9031
251899.73,1965
278920.56,13851
198909.0,9314
172350.84,7386
166670.61,4088
470726.5,14907
200348.23,5991
273333.44,10265
160467.23,15260
183986.67,8053
228471.03,9577
143278.61,15509
267868.0,12153
209494.6,3218
269459.84,4740
187950.89,682
237357.72,12176
159387.39,12385
89859.195,2523
179820.48,5801
165358.95,12751
280169.94,15121
401564.9,517
259167.11,4822
362297.9,1129
170641.25,12396
243138.97,11329
291324.5,11856
209074.77,3653
92938.73,13404
415525.38,14486
170802.95,3502
94328.06,7717
182086.94,8808
210486.83,11676
249844.3,7033
175713.53,1681
143121.4,6658
422847.75,959
217525.3,4871
187426.89,6946
238757.0,13763
277239.78,15320
143018.89,3065
173069.92,14742
155463.52,13959
189489.83,2427
288499.4,1716
128098.87,6258
160215.3,16677
358292.66,206
503600.5,13659
143390.81,7782
133292.14,3308
128379.164,9073
406352.1,6342
355636.8,868
245061.34,10153
147085.62,16788
152114.69,14886
175706.23,4674
152455.98,13599
216857.9,6851
199648.34,6443
156307.28,9903
352080.66,8321
192389.98,10686
143938.1,11106
119471.88,11845
259935.23,2439
504274.22,5461
213566.17,14559
182925.44,10215
331478.7,13566
133543.66,16563
252527.95,10492
198587.03,13847
196408.45,3607
156689.88,2844
162134.52,3499
377202.12,7478
295876.03,4728
168078.17,10883
98076.945,13602
137778.44,3751
184773.11,10299
180272.73,13023
257191.16,14498
129509.78,13601
138350.16,5787
160281.2,7853
280824.06,2429
280920.6,2359
249148.55,13926
148150.42,4278
205928.45,14307
338022.88,15677
129691.96,9
162780.23,12630
373088.1,16428
197820.31,13285
135796.67,7902
115843.47,866
156006.88,6077
307141.12,4015
173984.48,16350
127418.13,14793
193473.47,1409
157784.75,5199
262798.44,12036
145368.94,9654
174950.67,13106
175403.62,11780
203563.97,355
145292.16,6247
247634.94,1045
225888.22,4019
209856.92,2048
93994.02,14586
223688.55,6720
129739.625,5509
255038.8,8463
225184.72,3202
149391.66,6910
316820.47,5701
243919.73,1
168324.34,6853
197480.03,5386
237488.72,9251
182521.4,8580
217418.27,3644
185779.11,3258
209824.12,329
233137.4,5038
177261.61,2526
417096.9,2082
155242.25,11081
204210.03,3927
209356.31,12305
276548.0,10975
220236.06,2590
174166.77,9337
179280.67,9368
154458.53,16111
304003.03,986
183890.25,426
181843.33,10040
156476.97,16463
226583.88,3704
257021.17,15406
325107.03,10035
127951.47,16251
467332.47,9520
207319.8,503
257724.5,8260
236684.02,14309
342249.34,16054
231575.06,3885
153346.14,5924
176300.22,12843
145800.31,14300
249804.34,12608
156406.0,11437
145474.44,9535
197919.33,1528
178197.66,11518
271385.84,6401
167913.98,9129
195611.73,13069
169587.56,16607
346580.84,1473
211170.23,6085
254071.72,4067
174366.25,9178
157198.67,5090
299025.4,15046
144835.42,13621
212668.34,16065
184086.98,1944
260016.48,1060
274838.5,1764
201466.25,1705
136149.45,9961
236899.88,18
100899.55,10371
126683.37,13185
272215.66,13139
318997.4,3161
236781.92,11931
196277.45,8759
104215.18,12969
301192.47,14329
197842.53,3637
97513.97,1165
194732.3,9976
176341.73,16490
289137.4,2074
357225.47,15364
286177.66,11394
229591.39,10222
128284.09,5948
190462.58,7494
200882.86,6285
138147.86,15220
150346.88,3237
185223.16,3528
308068.06,6289
238882.81,15784
305391.94,15321
147991.62,4562
199177.12,6402
212227.98,12688
169735.03,3536
128321.57,8426
254427.62,12434
190870.88,5645
230329.81,15080
188780.55,4677
335039.44,9818
207249.69,13496
243245.05,15682
265754.03,6284
185094.2,14342
208752.06,8109
236820.02,14818
115004.93,5724
164962.7,7471
209422.61,14905
377202.97,9719
270332.84,10637
177916.53,12838
206242.08,15949
309787.3,2334
187746.1,3416
163636.03,12303
167032.6,528
185540.45,980
116843.16,1298
180110.22,13728
127790.63,10842
114307.734,14596
242018.72,1899
251020.03,16380
108337.34,7855
278752.3,8147
153444.19,11469
67674.38,5779
425799.34,3389
246375.27,7885
429165.56,5254
137134.72,6383
217587.75,3498
357279.16,16166
255987.83,2413
234519.38,14653
156110.17,9345
178165.67,13711
190832.7,822
168806.77,12640
291946.9,11954
355507.88,7914
270379.6,7394
179378.9,7354
150538.03,13058
233527.23,4836
146405.47,362
135734.12,9365
128604.68,211
160090.69,8543
186970.97,188
368991.25,14196
260912.12,7114
191559.22,13431
316522.94,12869
258558.83,16681
180030.27,16528
320719.8,390
150542.75,11752
151977.83,4408
184993.69,3315
206681.86,16071
76324.45,16535
224693.98,12463
235324.92,12790
138770.45,11787
189743.75,14577
278958.47,4431
128648.984,10286
293349.7,1676
271352.97,13993
185048.67,4761
205020.38,14670
262329.72,4795
257653.38,15411
76745.04,2909
405425.25,8236
141515.52,14017
228868.67,13974
225350.88,6513
159142.97,7695
164457.3,5286
258643.0,4902
318317.06,1124
194842.39,10436
262502.4,14749
213897.05,2609
185208.53,14548
156014.81,1566
169289.81,3649
247015.28,16101
169224.61,13095
178785.42,2779
137829.52,14203
175300.05,11019
158516.1,7653
168736.4,12835
271276.7,9683
128133.17,6955
130158.945,11504
171413.56,12110
204921.14,237
206093.36,2612
312751.5,8855
138440.66,8729
201425.72,11580
217244.55,13807
203852.25,5375
312914.1,16767
208788.52,14540
274627.56,255
165174.89,3586
193718.06,5671
366447.66,10311
217609.38,13280
209498.66,1788
187037.39,12128
420064.6,3576
223930.12,1285
186193.88,13502
206009.06,6518
194145.16,1729
170113.06,5398
227817.75,12539
178146.47,1476
333880.7,5057
233623.92,5133
411838.0,2196
193494.67,4041
78844.305,5252
175304.89,12879
196231.27,13210
335383.0,7390
149192.48,15942
120936.35,7054
232567.98,14632
222019.31,10208
182293.6,14120
219629.98,13607
208362.8,9647
170479.95,12134
139025.53,8593
143111.4,16231
166240.47,12474
140698.75,11640
113374.38,1685
147457.77,4474
254942.33,15313
146590.9,1736
175436.14,16471
216218.94,12517
206445.36,15437
180589.66,3381
143390.81,16555
194633.14,15738
112642.57,2896
360566.8,11356
189834.44,9734
160642.61,1890
189864.9,15344
111566.414,13575
212353.06,14595
223583.77,10567
186919.28,12889
208984.28,1213
105942.195,8841
258006.19,473
207052.33,14853
412339.22,15271
257179.66,14191
261614.12,12703
206128.58,2649
151565.28,14916
113546.42,8975
250465.02,12108
158016.81,6070
160506.48,15765
102469.74,3713
304305.03,1618
160630.55,13874
131468.72,4407
199459.22,8550
382385.78,15759
139116.14,7808
204054.14,1127
298270.3,13108
182016.42,4426
212884.94,6175
251128.77,7903
85334.6,2076
213594.14,9924
151239.98,2322
187465.0,13844
132013.58,13871
223844.44,5908
488074.0,429
135584.5,3443
114558.43,170
267620.5,9879
285354.1,15324
176738.02,15616
253511.38,14217
132667.69,5262
286264.72,13426
178181.72,13286
176284.78,10464
193989.94,10881
128450.945,12776
179762.88,10664
205945.77,15237
251204.23,15999
313462.0,4816
165153.38,13856
232034.52,2701
161814.55,635
217823.2,4016
191981.81,64
207753.19,4881
293487.44,7017
232454.84,7184
162697.14,487
364568.72,15897
140040.1,11444
176403.89,3260
171247.55,3127
144061.11,7899
205860.6,5705
239777.75,12960
179129.9,4046
293254.03,2190
171041.16,15787
232298.12,1926
185544.83,3944
215347.17,14709
157858.5,13046
181052.06,9845
105169.695,7432
210902.62,11524
160584.83,6393
151154.17,11323
378799.56,10352
341586.78,6811
284067.16,2606
357546.16,11660
194925.81,8305
244909.17,7357
194975.64,14796
149963.28,15587
275386.03,2461
197023.16,5605
176236.97,6554
258366.58,7662
215008.11,11798
196800.44,12078
129915.17,1758
492935.66,7661
170245.86,3335
196294.38,2854
240936.83,16659
283699.56,5241
371119.28,16469
183446.1,16098
170580.64,15049
73724.086,5152
164670.66,2166
200993.6,16465
128450.945,1768
173705.39,8744
168275.95,10594
160403.0,1339
184190.25,6998
213283.94,723
181158.73,11357
192029.84,4413
206960.06,5026
244723.61,4412
149309.78,537
110631.78,10270
247011.72,9571
203904.92,9969
74952.51,7822
195486.98,6621
193080.61,208
208026.62,5195
143890.97,7032
186593.8,8263
411781.97,14719
168117.38,15622
200360.58,4259
341390.2,3085
184197.92,172
153835.38,7130
167548.39,8767
169296.88,3087
213762.55,4089
130645.36,11477
185820.66,2246
179521.98,1793
203836.88,1630
118723.25,1189
210117.19,6050
146254.72,8752
182259.94,8963
412781.9,9671
163862.69,4820
171624.61,4475
212353.06,6396
191627.05,8932
185012.62,162
159361.33,10847
338307.7,5692
254840.7,7316
229598.34,5485
320691.28,9780
142742.55,7307
285215.44,9739
146836.11,7426
180684.77,835
282390.62,11744
232266.97,11907
186930.97,5684
125051.23,10335
218513.56,4466
129876.41,11593
196436.17,244
312823.75,15205
183209.06,6071
403029.78,9455
294815.6,15862
288906.62,8165
237012.97,5002
246486.55,5922
263761.12,16616
221407.73,7615
186695.17,7911
221891.28,7748
337290.06,11265
174967.89,15820
186284.89,6648
355264.1,7117
174685.78,10262
267262.8,2853
235355.11,4606
143487.84,12747
152874.56,3953
189624.73,3552
242318.62,2675
189172.61,4611
211915.62,2025
280600.56,5424
155368.97,8546
163384.31,8875
354979.2,2807
221359.75,8578
307308.56,786
205568.4,3945
122047.61,16733
161428.98,16191
174615.83,12669
154661.92,10493
205015.28,6671
235167.77,9330
162176.27,1622
217295.05,8713
251641.33,8696
216433.25,9187
170730.16,14551
298120.7,2646
297201.53,9563
149076.39,4031
186705.02,5155
353327.25,12116
355436.6,3834
250090.72,7785
155176.28,307
167478.11,13663
126139.18,16357
147258.69,10646
164942.48,5615
171605.39,4604
173156.48,9308
241408.61,16789
193443.83,15721
389900.38,4994
156705.36,5454
203660.73,4034
183201.33,1420
150625.0,6453
192563.42,8167
233894.86,11657
353226.8,14356
347835.62,2024
107328.95,7701
189651.34,6291
199530.14,789
298944.47,16315
174141.7,3677
151772.48,13309
94687.734,2088
183131.64,3707
214270.97,5240
220264.8,13197
161302.25,3147
306115.3,76
149197.56,14287
225189.17,7940
131407.48,2515
246051.73,4891
325226.9,7623
474373.84,10671
178266.36,13030
230240.45,14686
232935.27,13272
271193.6,14954
225632.27,16264
178004.1,14461
275565.62,13107
292185.4,8740
230006.97,2824
138631.23,1645
157958.84,15613
241224.45,4803
143383.62,971
179432.67,13952
164899.67,3320
161860.53,15110
181093.83,2440
143039.9,10462
312607.7,6011
140169.08,9405
175169.48,511
309377.0,4141
145084.11,11651
221141.12,343
236116.97,14750
166435.58,3711
154265.17,6322
203252.11,6533
257183.05,6089
271938.3,286
111319.6,7639
177270.34,16722
316844.38,9157
249639.88,7137
308244.56,6669
279153.5,3326
147721.08,5820
199296.56,11604
181694.64,16087
212733.48,5327
200447.39,13639
326521.72,349
253587.78,15181
284579.66,4821
186126.78,1740
156848.45,3450
140925.67,16064
114772.55,1804
122137.41,5296
427088.84,5346
203694.84,4723
161111.48,417
160308.52,15756
192205.38,14090
343846.66,14778
174312.17,2560
89721.12,12920
139661.88,8249
151835.08,7125
153341.95,11732
365866.28,13365
328794.12,5361
265091.2,15937
184012.17,2591
191631.89,15706
212250.62,2105
325859.6,7220
192570.66,14562
172386.89,6836
250703.7,8180
131316.94,4695
325647.1,5783
207932.89,4780
190127.84,12504
